code,pseudonym,gender,age_label,education,relevant_experience,skills,reach_indicator,interaction_indicator,benchmark,additional_information,cell_id,education_level,education_major,productivity_group,reach_value,interaction_value,reach_band,interaction_band,experience_months,age_years,age_months
C-001,Kandidat 001,Perempuan,25 tahun 7 bulan,"SMK, Desain komunikasi visual",1 tahun 0 bulan,"CapCut, penyuntingan video pendek, riset tren",Rata-rata akun yang dijangkau per postingan: 355,"Rata-rata interaksi per postingan: 9 (gabungan likes, komentar, repost, share, dan save)","Benchmark kumpulan talenta: minimum 100, median 500, maksimum 2.500 akun dijangkau per postingan; minimum 3, median 25, maksimum 150 interaksi per postingan",Suka memasak di rumah,1,SMK,Desain komunikasi visual,"Jangkauan rendah, interaksi rendah",355,9,Jangkauan rendah,Interaksi rendah,12,25,7
C-002,Kandidat 002,Laki-laki,24 tahun 10 bulan,"SMK, Desain komunikasi visual",0 tahun 6 bulan,"CapCut, penyuntingan video pendek, riset tren",Rata-rata akun yang dijangkau per postingan: 220,"Rata-rata interaksi per postingan: 3 (gabungan likes, komentar, repost, share, dan save)","Benchmark kumpulan talenta: minimum 100, median 500, maksimum 2.500 akun dijangkau per postingan; minimum 3, median 25, maksimum 150 interaksi per postingan",Suka mendengarkan musik K-pop,1,SMK,Desain komunikasi visual,"Jangkauan rendah, interaksi rendah",220,3,Jangkauan rendah,Interaksi rendah,6,24,10
C-003,Kandidat 003,Perempuan,25 tahun 11 bulan,"SMK, Pemasaran",0 tahun 6 bulan,"Canva, penulisan caption, perencanaan konten",Rata-rata akun yang dijangkau per postingan: 255,"Rata-rata interaksi per postingan: 3 (gabungan likes, komentar, repost, share, dan save)","Benchmark kumpulan talenta: minimum 100, median 500, maksimum 2.500 akun dijangkau per postingan; minimum 3, median 25, maksimum 150 interaksi per postingan",Suka menonton film aksi,1,SMK,Pemasaran,"Jangkauan rendah, interaksi rendah",255,3,Jangkauan rendah,Interaksi rendah,6,25,11
C-004,Kandidat 004,Laki-laki,24 tahun 1 bulan,"SMK, Multimedia",1 tahun 0 bulan,"Fotografi produk, Canva, konten katalog",Rata-rata akun yang dijangkau per postingan: 279,"Rata-rata interaksi per postingan: 25 (gabungan likes, komentar, repost, share, dan save)","Benchmark kumpulan talenta: minimum 100, median 500, maksimum 2.500 akun dijangkau per postingan; minimum 3, median 25, maksimum 150 interaksi per postingan",Memiliki ikan peliharaan,1,SMK,Multimedia,"Jangkauan rendah, interaksi rendah",279,25,Jangkauan rendah,Interaksi rendah,12,24,1
C-005,Kandidat 005,Laki-laki,22 tahun 3 bulan,"SMK, Multimedia",1 tahun 0 bulan,"CapCut, penyuntingan video pendek, riset tren",Rata-rata akun yang dijangkau per postingan: 233,"Rata-rata interaksi per postingan: 16 (gabungan likes, komentar, repost, share, dan save)","Benchmark kumpulan talenta: minimum 100, median 500, maksimum 2.500 akun dijangkau per postingan; minimum 3, median 25, maksimum 150 interaksi per postingan",Suka menonton film aksi,1,SMK,Multimedia,"Jangkauan rendah, interaksi rendah",233,16,Jangkauan rendah,Interaksi rendah,12,22,3
C-006,Kandidat 006,Perempuan,22 tahun 2 bulan,"SMK, Multimedia",1 tahun 0 bulan,"Canva, penulisan caption, perencanaan konten",Rata-rata akun yang dijangkau per postingan: 110,"Rata-rata interaksi per postingan: 3 (gabungan likes, komentar, repost, share, dan save)","Benchmark kumpulan talenta: minimum 100, median 500, maksimum 2.500 akun dijangkau per postingan; minimum 3, median 25, maksimum 150 interaksi per postingan",Suka menonton film komedi,1,SMK,Multimedia,"Jangkauan rendah, interaksi rendah",110,3,Jangkauan rendah,Interaksi rendah,12,22,2
C-007,Kandidat 007,Laki-laki,20 tahun 4 bulan,"SMK, Pemasaran",0 tahun 6 bulan,"CapCut, penyuntingan video pendek, riset tren",Rata-rata akun yang dijangkau per postingan: 306,"Rata-rata interaksi per postingan: 7 (gabungan likes, komentar, repost, share, dan save)","Benchmark kumpulan talenta: minimum 100, median 500, maksimum 2.500 akun dijangkau per postingan; minimum 3, median 25, maksimum 150 interaksi per postingan",Memiliki kucing peliharaan,1,SMK,Pemasaran,"Jangkauan rendah, interaksi rendah",306,7,Jangkauan rendah,Interaksi rendah,6,20,4
C-008,Kandidat 008,Laki-laki,25 tahun 6 bulan,"SMK, Multimedia",2 tahun 0 bulan,"Meta Business Suite, penjadwalan konten, penanganan pesan pelanggan",Rata-rata akun yang dijangkau per postingan: 111,"Rata-rata interaksi per postingan: 6 (gabungan likes, komentar, repost, share, dan save)","Benchmark kumpulan talenta: minimum 100, median 500, maksimum 2.500 akun dijangkau per postingan; minimum 3, median 25, maksimum 150 interaksi per postingan",Memiliki ikan peliharaan,1,SMK,Multimedia,"Jangkauan rendah, interaksi rendah",111,6,Jangkauan rendah,Interaksi rendah,24,25,6
C-009,Kandidat 009,Perempuan,24 tahun 6 bulan,"SMK, Multimedia",1 tahun 6 bulan,"Fotografi produk, Canva, konten katalog",Rata-rata akun yang dijangkau per postingan: 226,"Rata-rata interaksi per postingan: 4 (gabungan likes, komentar, repost, share, dan save)","Benchmark kumpulan talenta: minimum 100, median 500, maksimum 2.500 akun dijangkau per postingan; minimum 3, median 25, maksimum 150 interaksi per postingan",Suka mendengarkan musik K-pop,1,SMK,Multimedia,"Jangkauan rendah, interaksi rendah",226,4,Jangkauan rendah,Interaksi rendah,18,24,6
C-010,Kandidat 010,Perempuan,19 tahun 0 bulan,"SMK, Administrasi perkantoran",1 tahun 6 bulan,"Fotografi produk, Canva, konten katalog",Rata-rata akun yang dijangkau per postingan: 376,"Rata-rata interaksi per postingan: 19 (gabungan likes, komentar, repost, share, dan save)","Benchmark kumpulan talenta: minimum 100, median 500, maksimum 2.500 akun dijangkau per postingan; minimum 3, median 25, maksimum 150 interaksi per postingan",Memiliki ikan peliharaan,1,SMK,Administrasi perkantoran,"Jangkauan rendah, interaksi rendah",376,19,Jangkauan rendah,Interaksi rendah,18,19,0
C-011,Kandidat 011,Perempuan,20 tahun 4 bulan,"SMK, Pemasaran",1 tahun 6 bulan,"Meta Business Suite, penjadwalan konten, penanganan pesan pelanggan",Rata-rata akun yang dijangkau per postingan: 345,"Rata-rata interaksi per postingan: 4 (gabungan likes, komentar, repost, share, dan save)","Benchmark kumpulan talenta: minimum 100, median 500, maksimum 2.500 akun dijangkau per postingan; minimum 3, median 25, maksimum 150 interaksi per postingan",Memiliki kucing peliharaan,1,SMK,Pemasaran,"Jangkauan rendah, interaksi rendah",345,4,Jangkauan rendah,Interaksi rendah,18,20,4
C-012,Kandidat 012,Perempuan,24 tahun 7 bulan,"SMK, Desain komunikasi visual",2 tahun 0 bulan,"Meta Business Suite, penjadwalan konten, penanganan pesan pelanggan",Rata-rata akun yang dijangkau per postingan: 213,"Rata-rata interaksi per postingan: 11 (gabungan likes, komentar, repost, share, dan save)","Benchmark kumpulan talenta: minimum 100, median 500, maksimum 2.500 akun dijangkau per postingan; minimum 3, median 25, maksimum 150 interaksi per postingan",Suka menonton film komedi,1,SMK,Desain komunikasi visual,"Jangkauan rendah, interaksi rendah",213,11,Jangkauan rendah,Interaksi rendah,24,24,7
C-013,Kandidat 013,Laki-laki,19 tahun 0 bulan,"SMK, Administrasi perkantoran",2 tahun 0 bulan,"Canva, penulisan caption, perencanaan konten",Rata-rata akun yang dijangkau per postingan: 473,"Rata-rata interaksi per postingan: 5 (gabungan likes, komentar, repost, share, dan save)","Benchmark kumpulan talenta: minimum 100, median 500, maksimum 2.500 akun dijangkau per postingan; minimum 3, median 25, maksimum 150 interaksi per postingan",Suka memasak di rumah,1,SMK,Administrasi perkantoran,"Jangkauan rendah, interaksi rendah",473,5,Jangkauan rendah,Interaksi rendah,24,19,0
C-014,Kandidat 014,Laki-laki,21 tahun 3 bulan,"SMK, Administrasi perkantoran",2 tahun 0 bulan,"CapCut, penyuntingan video pendek, riset tren",Rata-rata akun yang dijangkau per postingan: 169,"Rata-rata interaksi per postingan: 98 (gabungan likes, komentar, repost, share, dan save)","Benchmark kumpulan talenta: minimum 100, median 500, maksimum 2.500 akun dijangkau per postingan; minimum 3, median 25, maksimum 150 interaksi per postingan",Suka menonton film aksi,2,SMK,Administrasi perkantoran,"Jangkauan rendah, interaksi tinggi",169,98,Jangkauan rendah,Interaksi tinggi,24,21,3
C-015,Kandidat 015,Perempuan,21 tahun 4 bulan,"SMK, Pemasaran",1 tahun 6 bulan,"CapCut, penyuntingan video pendek, riset tren",Rata-rata akun yang dijangkau per postingan: 117,"Rata-rata interaksi per postingan: 41 (gabungan likes, komentar, repost, share, dan save)","Benchmark kumpulan talenta: minimum 100, median 500, maksimum 2.500 akun dijangkau per postingan; minimum 3, median 25, maksimum 150 interaksi per postingan",Suka menonton film komedi,2,SMK,Pemasaran,"Jangkauan rendah, interaksi tinggi",117,41,Jangkauan rendah,Interaksi tinggi,18,21,4
C-016,Kandidat 016,Laki-laki,20 tahun 7 bulan,"SMK, Administrasi perkantoran",1 tahun 6 bulan,"Fotografi produk, Canva, konten katalog",Rata-rata akun yang dijangkau per postingan: 152,"Rata-rata interaksi per postingan: 94 (gabungan likes, komentar, repost, share, dan save)","Benchmark kumpulan talenta: minimum 100, median 500, maksimum 2.500 akun dijangkau per postingan; minimum 3, median 25, maksimum 150 interaksi per postingan",Suka mendengarkan musik K-pop,2,SMK,Administrasi perkantoran,"Jangkauan rendah, interaksi tinggi",152,94,Jangkauan rendah,Interaksi tinggi,18,20,7
C-017,Kandidat 017,Laki-laki,22 tahun 3 bulan,"SMK, Multimedia",1 tahun 6 bulan,"CapCut, penyuntingan video pendek, riset tren",Rata-rata akun yang dijangkau per postingan: 435,"Rata-rata interaksi per postingan: 106 (gabungan likes, komentar, repost, share, dan save)","Benchmark kumpulan talenta: minimum 100, median 500, maksimum 2.500 akun dijangkau per postingan; minimum 3, median 25, maksimum 150 interaksi per postingan",Memiliki ikan peliharaan,2,SMK,Multimedia,"Jangkauan rendah, interaksi tinggi",435,106,Jangkauan rendah,Interaksi tinggi,18,22,3
C-018,Kandidat 018,Perempuan,19 tahun 6 bulan,"SMK, Multimedia",2 tahun 0 bulan,"Meta Business Suite, penjadwalan konten, penanganan pesan pelanggan",Rata-rata akun yang dijangkau per postingan: 325,"Rata-rata interaksi per postingan: 53 (gabungan likes, komentar, repost, share, dan save)","Benchmark kumpulan talenta: minimum 100, median 500, maksimum 2.500 akun dijangkau per postingan; minimum 3, median 25, maksimum 150 interaksi per postingan",Suka memasak di rumah,2,SMK,Multimedia,"Jangkauan rendah, interaksi tinggi",325,53,Jangkauan rendah,Interaksi tinggi,24,19,6
C-019,Kandidat 019,Laki-laki,24 tahun 8 bulan,"SMK, Administrasi perkantoran",0 tahun 6 bulan,"Canva, penulisan caption, perencanaan konten",Rata-rata akun yang dijangkau per postingan: 119,"Rata-rata interaksi per postingan: 88 (gabungan likes, komentar, repost, share, dan save)","Benchmark kumpulan talenta: minimum 100, median 500, maksimum 2.500 akun dijangkau per postingan; minimum 3, median 25, maksimum 150 interaksi per postingan",Memiliki kucing peliharaan,2,SMK,Administrasi perkantoran,"Jangkauan rendah, interaksi tinggi",119,88,Jangkauan rendah,Interaksi tinggi,6,24,8
C-020,Kandidat 020,Perempuan,22 tahun 0 bulan,"SMK, Administrasi perkantoran",1 tahun 0 bulan,"Canva, penulisan caption, perencanaan konten",Rata-rata akun yang dijangkau per postingan: 102,"Rata-rata interaksi per postingan: 63 (gabungan likes, komentar, repost, share, dan save)","Benchmark kumpulan talenta: minimum 100, median 500, maksimum 2.500 akun dijangkau per postingan; minimum 3, median 25, maksimum 150 interaksi per postingan",Memiliki ikan peliharaan,2,SMK,Administrasi perkantoran,"Jangkauan rendah, interaksi tinggi",102,63,Jangkauan rendah,Interaksi tinggi,12,22,0
C-021,Kandidat 021,Laki-laki,21 tahun 6 bulan,"SMK, Desain komunikasi visual",1 tahun 0 bulan,"Meta Business Suite, penjadwalan konten, penanganan pesan pelanggan",Rata-rata akun yang dijangkau per postingan: 104,"Rata-rata interaksi per postingan: 104 (gabungan likes, komentar, repost, share, dan save)","Benchmark kumpulan talenta: minimum 100, median 500, maksimum 2.500 akun dijangkau per postingan; minimum 3, median 25, maksimum 150 interaksi per postingan",Suka mendengarkan musik K-pop,2,SMK,Desain komunikasi visual,"Jangkauan rendah, interaksi tinggi",104,104,Jangkauan rendah,Interaksi tinggi,12,21,6
C-022,Kandidat 022,Laki-laki,21 tahun 1 bulan,"SMK, Pemasaran",0 tahun 6 bulan,"Fotografi produk, Canva, konten katalog",Rata-rata akun yang dijangkau per postingan: 103,"Rata-rata interaksi per postingan: 47 (gabungan likes, komentar, repost, share, dan save)","Benchmark kumpulan talenta: minimum 100, median 500, maksimum 2.500 akun dijangkau per postingan; minimum 3, median 25, maksimum 150 interaksi per postingan",Suka menonton film aksi,2,SMK,Pemasaran,"Jangkauan rendah, interaksi tinggi",103,47,Jangkauan rendah,Interaksi tinggi,6,21,1
C-023,Kandidat 023,Laki-laki,20 tahun 4 bulan,"SMK, Multimedia",1 tahun 0 bulan,"Fotografi produk, Canva, konten katalog",Rata-rata akun yang dijangkau per postingan: 288,"Rata-rata interaksi per postingan: 127 (gabungan likes, komentar, repost, share, dan save)","Benchmark kumpulan talenta: minimum 100, median 500, maksimum 2.500 akun dijangkau per postingan; minimum 3, median 25, maksimum 150 interaksi per postingan",Suka memasak di rumah,2,SMK,Multimedia,"Jangkauan rendah, interaksi tinggi",288,127,Jangkauan rendah,Interaksi tinggi,12,20,4
C-024,Kandidat 024,Perempuan,21 tahun 10 bulan,"SMK, Multimedia",2 tahun 0 bulan,"Canva, penulisan caption, perencanaan konten",Rata-rata akun yang dijangkau per postingan: 100,"Rata-rata interaksi per postingan: 108 (gabungan likes, komentar, repost, share, dan save)","Benchmark kumpulan talenta: minimum 100, median 500, maksimum 2.500 akun dijangkau per postingan; minimum 3, median 25, maksimum 150 interaksi per postingan",Suka menonton film komedi,2,SMK,Multimedia,"Jangkauan rendah, interaksi tinggi",100,108,Jangkauan rendah,Interaksi tinggi,24,21,10
C-025,Kandidat 025,Perempuan,20 tahun 3 bulan,"SMK, Pemasaran",0 tahun 6 bulan,"Fotografi produk, Canva, konten katalog",Rata-rata akun yang dijangkau per postingan: 184,"Rata-rata interaksi per postingan: 25 (gabungan likes, komentar, repost, share, dan save)","Benchmark kumpulan talenta: minimum 100, median 500, maksimum 2.500 akun dijangkau per postingan; minimum 3, median 25, maksimum 150 interaksi per postingan",Memiliki kucing peliharaan,2,SMK,Pemasaran,"Jangkauan rendah, interaksi tinggi",184,25,Jangkauan rendah,Interaksi tinggi,6,20,3
C-026,Kandidat 026,Perempuan,24 tahun 9 bulan,"SMK, Desain komunikasi visual",1 tahun 6 bulan,"Meta Business Suite, penjadwalan konten, penanganan pesan pelanggan",Rata-rata akun yang dijangkau per postingan: 148,"Rata-rata interaksi per postingan: 134 (gabungan likes, komentar, repost, share, dan save)","Benchmark kumpulan talenta: minimum 100, median 500, maksimum 2.500 akun dijangkau per postingan; minimum 3, median 25, maksimum 150 interaksi per postingan",Suka menonton film aksi,2,SMK,Desain komunikasi visual,"Jangkauan rendah, interaksi tinggi",148,134,Jangkauan rendah,Interaksi tinggi,18,24,9
C-027,Kandidat 027,Perempuan,23 tahun 0 bulan,"SMK, Administrasi perkantoran",0 tahun 6 bulan,"Meta Business Suite, penjadwalan konten, penanganan pesan pelanggan",Rata-rata akun yang dijangkau per postingan: 1.074,"Rata-rata interaksi per postingan: 23 (gabungan likes, komentar, repost, share, dan save)","Benchmark kumpulan talenta: minimum 100, median 500, maksimum 2.500 akun dijangkau per postingan; minimum 3, median 25, maksimum 150 interaksi per postingan",Memiliki ikan peliharaan,3,SMK,Administrasi perkantoran,"Jangkauan tinggi, interaksi rendah",1074,23,Jangkauan tinggi,Interaksi rendah,6,23,0
C-028,Kandidat 028,Laki-laki,19 tahun 11 bulan,"SMK, Desain komunikasi visual",2 tahun 0 bulan,"CapCut, penyuntingan video pendek, riset tren",Rata-rata akun yang dijangkau per postingan: 1.577,"Rata-rata interaksi per postingan: 3 (gabungan likes, komentar, repost, share, dan save)","Benchmark kumpulan talenta: minimum 100, median 500, maksimum 2.500 akun dijangkau per postingan; minimum 3, median 25, maksimum 150 interaksi per postingan",Suka menonton film aksi,3,SMK,Desain komunikasi visual,"Jangkauan tinggi, interaksi rendah",1577,3,Jangkauan tinggi,Interaksi rendah,24,19,11
C-029,Kandidat 029,Perempuan,20 tahun 9 bulan,"SMK, Desain komunikasi visual",1 tahun 6 bulan,"CapCut, penyuntingan video pendek, riset tren",Rata-rata akun yang dijangkau per postingan: 827,"Rata-rata interaksi per postingan: 9 (gabungan likes, komentar, repost, share, dan save)","Benchmark kumpulan talenta: minimum 100, median 500, maksimum 2.500 akun dijangkau per postingan; minimum 3, median 25, maksimum 150 interaksi per postingan",Memiliki kucing peliharaan,3,SMK,Desain komunikasi visual,"Jangkauan tinggi, interaksi rendah",827,9,Jangkauan tinggi,Interaksi rendah,18,20,9
C-030,Kandidat 030,Perempuan,21 tahun 8 bulan,"SMK, Desain komunikasi visual",1 tahun 6 bulan,"Meta Business Suite, penjadwalan konten, penanganan pesan pelanggan",Rata-rata akun yang dijangkau per postingan: 768,"Rata-rata interaksi per postingan: 7 (gabungan likes, komentar, repost, share, dan save)","Benchmark kumpulan talenta: minimum 100, median 500, maksimum 2.500 akun dijangkau per postingan; minimum 3, median 25, maksimum 150 interaksi per postingan",Suka mendengarkan musik K-pop,3,SMK,Desain komunikasi visual,"Jangkauan tinggi, interaksi rendah",768,7,Jangkauan tinggi,Interaksi rendah,18,21,8
C-031,Kandidat 031,Laki-laki,19 tahun 1 bulan,"SMK, Multimedia",0 tahun 6 bulan,"Canva, penulisan caption, perencanaan konten",Rata-rata akun yang dijangkau per postingan: 1.395,"Rata-rata interaksi per postingan: 3 (gabungan likes, komentar, repost, share, dan save)","Benchmark kumpulan talenta: minimum 100, median 500, maksimum 2.500 akun dijangkau per postingan; minimum 3, median 25, maksimum 150 interaksi per postingan",Memiliki ikan peliharaan,3,SMK,Multimedia,"Jangkauan tinggi, interaksi rendah",1395,3,Jangkauan tinggi,Interaksi rendah,6,19,1
C-032,Kandidat 032,Perempuan,24 tahun 11 bulan,"SMK, Administrasi perkantoran",1 tahun 6 bulan,"Fotografi produk, Canva, konten katalog",Rata-rata akun yang dijangkau per postingan: 979,"Rata-rata interaksi per postingan: 8 (gabungan likes, komentar, repost, share, dan save)","Benchmark kumpulan talenta: minimum 100, median 500, maksimum 2.500 akun dijangkau per postingan; minimum 3, median 25, maksimum 150 interaksi per postingan",Suka memasak di rumah,3,SMK,Administrasi perkantoran,"Jangkauan tinggi, interaksi rendah",979,8,Jangkauan tinggi,Interaksi rendah,18,24,11
C-033,Kandidat 033,Laki-laki,25 tahun 0 bulan,"SMK, Administrasi perkantoran",2 tahun 0 bulan,"Meta Business Suite, penjadwalan konten, penanganan pesan pelanggan",Rata-rata akun yang dijangkau per postingan: 1.986,"Rata-rata interaksi per postingan: 18 (gabungan likes, komentar, repost, share, dan save)","Benchmark kumpulan talenta: minimum 100, median 500, maksimum 2.500 akun dijangkau per postingan; minimum 3, median 25, maksimum 150 interaksi per postingan",Suka menonton film komedi,3,SMK,Administrasi perkantoran,"Jangkauan tinggi, interaksi rendah",1986,18,Jangkauan tinggi,Interaksi rendah,24,25,0
C-034,Kandidat 034,Perempuan,23 tahun 4 bulan,"SMK, Pemasaran",0 tahun 6 bulan,"Canva, penulisan caption, perencanaan konten",Rata-rata akun yang dijangkau per postingan: 2.458,"Rata-rata interaksi per postingan: 3 (gabungan likes, komentar, repost, share, dan save)","Benchmark kumpulan talenta: minimum 100, median 500, maksimum 2.500 akun dijangkau per postingan; minimum 3, median 25, maksimum 150 interaksi per postingan",Memiliki kucing peliharaan,3,SMK,Pemasaran,"Jangkauan tinggi, interaksi rendah",2458,3,Jangkauan tinggi,Interaksi rendah,6,23,4
C-035,Kandidat 035,Laki-laki,22 tahun 3 bulan,"SMK, Multimedia",2 tahun 0 bulan,"CapCut, penyuntingan video pendek, riset tren",Rata-rata akun yang dijangkau per postingan: 529,"Rata-rata interaksi per postingan: 20 (gabungan likes, komentar, repost, share, dan save)","Benchmark kumpulan talenta: minimum 100, median 500, maksimum 2.500 akun dijangkau per postingan; minimum 3, median 25, maksimum 150 interaksi per postingan",Suka memasak di rumah,3,SMK,Multimedia,"Jangkauan tinggi, interaksi rendah",529,20,Jangkauan tinggi,Interaksi rendah,24,22,3
C-036,Kandidat 036,Laki-laki,20 tahun 1 bulan,"SMK, Desain komunikasi visual",1 tahun 0 bulan,"Fotografi produk, Canva, konten katalog",Rata-rata akun yang dijangkau per postingan: 1.026,"Rata-rata interaksi per postingan: 15 (gabungan likes, komentar, repost, share, dan save)","Benchmark kumpulan talenta: minimum 100, median 500, maksimum 2.500 akun dijangkau per postingan; minimum 3, median 25, maksimum 150 interaksi per postingan",Suka menonton film komedi,3,SMK,Desain komunikasi visual,"Jangkauan tinggi, interaksi rendah",1026,15,Jangkauan tinggi,Interaksi rendah,12,20,1
C-037,Kandidat 037,Laki-laki,19 tahun 3 bulan,"SMK, Pemasaran",1 tahun 0 bulan,"Canva, penulisan caption, perencanaan konten",Rata-rata akun yang dijangkau per postingan: 1.843,"Rata-rata interaksi per postingan: 17 (gabungan likes, komentar, repost, share, dan save)","Benchmark kumpulan talenta: minimum 100, median 500, maksimum 2.500 akun dijangkau per postingan; minimum 3, median 25, maksimum 150 interaksi per postingan",Suka mendengarkan musik K-pop,3,SMK,Pemasaran,"Jangkauan tinggi, interaksi rendah",1843,17,Jangkauan tinggi,Interaksi rendah,12,19,3
C-038,Kandidat 038,Perempuan,24 tahun 11 bulan,"SMK, Multimedia",1 tahun 0 bulan,"Fotografi produk, Canva, konten katalog",Rata-rata akun yang dijangkau per postingan: 2.334,"Rata-rata interaksi per postingan: 4 (gabungan likes, komentar, repost, share, dan save)","Benchmark kumpulan talenta: minimum 100, median 500, maksimum 2.500 akun dijangkau per postingan; minimum 3, median 25, maksimum 150 interaksi per postingan",Suka menonton film aksi,3,SMK,Multimedia,"Jangkauan tinggi, interaksi rendah",2334,4,Jangkauan tinggi,Interaksi rendah,12,24,11
C-039,Kandidat 039,Laki-laki,20 tahun 7 bulan,"SMK, Administrasi perkantoran",2 tahun 0 bulan,"Canva, penulisan caption, perencanaan konten",Rata-rata akun yang dijangkau per postingan: 2.293,"Rata-rata interaksi per postingan: 73 (gabungan likes, komentar, repost, share, dan save)","Benchmark kumpulan talenta: minimum 100, median 500, maksimum 2.500 akun dijangkau per postingan; minimum 3, median 25, maksimum 150 interaksi per postingan",Suka memasak di rumah,4,SMK,Administrasi perkantoran,"Jangkauan tinggi, interaksi tinggi",2293,73,Jangkauan tinggi,Interaksi tinggi,24,20,7
C-040,Kandidat 040,Perempuan,24 tahun 3 bulan,"SMK, Administrasi perkantoran",1 tahun 0 bulan,"Meta Business Suite, penjadwalan konten, penanganan pesan pelanggan",Rata-rata akun yang dijangkau per postingan: 956,"Rata-rata interaksi per postingan: 45 (gabungan likes, komentar, repost, share, dan save)","Benchmark kumpulan talenta: minimum 100, median 500, maksimum 2.500 akun dijangkau per postingan; minimum 3, median 25, maksimum 150 interaksi per postingan",Suka mendengarkan musik K-pop,4,SMK,Administrasi perkantoran,"Jangkauan tinggi, interaksi tinggi",956,45,Jangkauan tinggi,Interaksi tinggi,12,24,3
C-041,Kandidat 041,Perempuan,24 tahun 7 bulan,"SMK, Multimedia",2 tahun 0 bulan,"Meta Business Suite, penjadwalan konten, penanganan pesan pelanggan",Rata-rata akun yang dijangkau per postingan: 1.740,"Rata-rata interaksi per postingan: 34 (gabungan likes, komentar, repost, share, dan save)","Benchmark kumpulan talenta: minimum 100, median 500, maksimum 2.500 akun dijangkau per postingan; minimum 3, median 25, maksimum 150 interaksi per postingan",Suka menonton film aksi,4,SMK,Multimedia,"Jangkauan tinggi, interaksi tinggi",1740,34,Jangkauan tinggi,Interaksi tinggi,24,24,7
C-042,Kandidat 042,Laki-laki,24 tahun 0 bulan,"SMK, Pemasaran",2 tahun 0 bulan,"Fotografi produk, Canva, konten katalog",Rata-rata akun yang dijangkau per postingan: 1.254,"Rata-rata interaksi per postingan: 110 (gabungan likes, komentar, repost, share, dan save)","Benchmark kumpulan talenta: minimum 100, median 500, maksimum 2.500 akun dijangkau per postingan; minimum 3, median 25, maksimum 150 interaksi per postingan",Suka memasak di rumah,4,SMK,Pemasaran,"Jangkauan tinggi, interaksi tinggi",1254,110,Jangkauan tinggi,Interaksi tinggi,24,24,0
C-043,Kandidat 043,Perempuan,24 tahun 11 bulan,"SMK, Pemasaran",1 tahun 6 bulan,"CapCut, penyuntingan video pendek, riset tren",Rata-rata akun yang dijangkau per postingan: 607,"Rata-rata interaksi per postingan: 117 (gabungan likes, komentar, repost, share, dan save)","Benchmark kumpulan talenta: minimum 100, median 500, maksimum 2.500 akun dijangkau per postingan; minimum 3, median 25, maksimum 150 interaksi per postingan",Memiliki kucing peliharaan,4,SMK,Pemasaran,"Jangkauan tinggi, interaksi tinggi",607,117,Jangkauan tinggi,Interaksi tinggi,18,24,11
C-044,Kandidat 044,Laki-laki,24 tahun 0 bulan,"SMK, Desain komunikasi visual",0 tahun 6 bulan,"Fotografi produk, Canva, konten katalog",Rata-rata akun yang dijangkau per postingan: 2.253,"Rata-rata interaksi per postingan: 139 (gabungan likes, komentar, repost, share, dan save)","Benchmark kumpulan talenta: minimum 100, median 500, maksimum 2.500 akun dijangkau per postingan; minimum 3, median 25, maksimum 150 interaksi per postingan",Suka mendengarkan musik K-pop,4,SMK,Desain komunikasi visual,"Jangkauan tinggi, interaksi tinggi",2253,139,Jangkauan tinggi,Interaksi tinggi,6,24,0
C-045,Kandidat 045,Perempuan,25 tahun 2 bulan,"SMK, Desain komunikasi visual",1 tahun 6 bulan,"CapCut, penyuntingan video pendek, riset tren",Rata-rata akun yang dijangkau per postingan: 869,"Rata-rata interaksi per postingan: 27 (gabungan likes, komentar, repost, share, dan save)","Benchmark kumpulan talenta: minimum 100, median 500, maksimum 2.500 akun dijangkau per postingan; minimum 3, median 25, maksimum 150 interaksi per postingan",Suka menonton film komedi,4,SMK,Desain komunikasi visual,"Jangkauan tinggi, interaksi tinggi",869,27,Jangkauan tinggi,Interaksi tinggi,18,25,2
C-046,Kandidat 046,Perempuan,21 tahun 6 bulan,"SMK, Pemasaran",1 tahun 0 bulan,"Canva, penulisan caption, perencanaan konten",Rata-rata akun yang dijangkau per postingan: 1.515,"Rata-rata interaksi per postingan: 49 (gabungan likes, komentar, repost, share, dan save)","Benchmark kumpulan talenta: minimum 100, median 500, maksimum 2.500 akun dijangkau per postingan; minimum 3, median 25, maksimum 150 interaksi per postingan",Memiliki ikan peliharaan,4,SMK,Pemasaran,"Jangkauan tinggi, interaksi tinggi",1515,49,Jangkauan tinggi,Interaksi tinggi,12,21,6
C-047,Kandidat 047,Laki-laki,24 tahun 4 bulan,"SMK, Pemasaran",0 tahun 6 bulan,"CapCut, penyuntingan video pendek, riset tren",Rata-rata akun yang dijangkau per postingan: 1.484,"Rata-rata interaksi per postingan: 30 (gabungan likes, komentar, repost, share, dan save)","Benchmark kumpulan talenta: minimum 100, median 500, maksimum 2.500 akun dijangkau per postingan; minimum 3, median 25, maksimum 150 interaksi per postingan",Memiliki kucing peliharaan,4,SMK,Pemasaran,"Jangkauan tinggi, interaksi tinggi",1484,30,Jangkauan tinggi,Interaksi tinggi,6,24,4
C-048,Kandidat 048,Laki-laki,23 tahun 4 bulan,"SMK, Administrasi perkantoran",1 tahun 6 bulan,"Meta Business Suite, penjadwalan konten, penanganan pesan pelanggan",Rata-rata akun yang dijangkau per postingan: 657,"Rata-rata interaksi per postingan: 115 (gabungan likes, komentar, repost, share, dan save)","Benchmark kumpulan talenta: minimum 100, median 500, maksimum 2.500 akun dijangkau per postingan; minimum 3, median 25, maksimum 150 interaksi per postingan",Suka menonton film komedi,4,SMK,Administrasi perkantoran,"Jangkauan tinggi, interaksi tinggi",657,115,Jangkauan tinggi,Interaksi tinggi,18,23,4
C-049,Kandidat 049,Perempuan,20 tahun 0 bulan,"SMK, Desain komunikasi visual",1 tahun 0 bulan,"Fotografi produk, Canva, konten katalog",Rata-rata akun yang dijangkau per postingan: 640,"Rata-rata interaksi per postingan: 100 (gabungan likes, komentar, repost, share, dan save)","Benchmark kumpulan talenta: minimum 100, median 500, maksimum 2.500 akun dijangkau per postingan; minimum 3, median 25, maksimum 150 interaksi per postingan",Memiliki ikan peliharaan,4,SMK,Desain komunikasi visual,"Jangkauan tinggi, interaksi tinggi",640,100,Jangkauan tinggi,Interaksi tinggi,12,20,0
C-050,Kandidat 050,Laki-laki,21 tahun 2 bulan,"SMK, Desain komunikasi visual",0 tahun 6 bulan,"Canva, penulisan caption, perencanaan konten",Rata-rata akun yang dijangkau per postingan: 1.913,"Rata-rata interaksi per postingan: 31 (gabungan likes, komentar, repost, share, dan save)","Benchmark kumpulan talenta: minimum 100, median 500, maksimum 2.500 akun dijangkau per postingan; minimum 3, median 25, maksimum 150 interaksi per postingan",Suka menonton film aksi,4,SMK,Desain komunikasi visual,"Jangkauan tinggi, interaksi tinggi",1913,31,Jangkauan tinggi,Interaksi tinggi,6,21,2
C-051,Kandidat 051,Laki-laki,22 tahun 10 bulan,"Diploma, Multimedia",1 tahun 6 bulan,"Canva, penulisan caption, perencanaan konten",Rata-rata akun yang dijangkau per postingan: 105,"Rata-rata interaksi per postingan: 6 (gabungan likes, komentar, repost, share, dan save)","Benchmark kumpulan talenta: minimum 100, median 500, maksimum 2.500 akun dijangkau per postingan; minimum 3, median 25, maksimum 150 interaksi per postingan",Suka mendengarkan musik K-pop,5,Diploma,Multimedia,"Jangkauan rendah, interaksi rendah",105,6,Jangkauan rendah,Interaksi rendah,18,22,10
C-052,Kandidat 052,Perempuan,22 tahun 0 bulan,"Diploma, Sistem informasi",0 tahun 6 bulan,"Canva, penulisan caption, perencanaan konten",Rata-rata akun yang dijangkau per postingan: 156,"Rata-rata interaksi per postingan: 3 (gabungan likes, komentar, repost, share, dan save)","Benchmark kumpulan talenta: minimum 100, median 500, maksimum 2.500 akun dijangkau per postingan; minimum 3, median 25, maksimum 150 interaksi per postingan",Suka menonton film komedi,5,Diploma,Sistem informasi,"Jangkauan rendah, interaksi rendah",156,3,Jangkauan rendah,Interaksi rendah,6,22,0
C-053,Kandidat 053,Perempuan,22 tahun 11 bulan,"Diploma, Pemasaran digital",1 tahun 0 bulan,"CapCut, penyuntingan video pendek, riset tren",Rata-rata akun yang dijangkau per postingan: 174,"Rata-rata interaksi per postingan: 4 (gabungan likes, komentar, repost, share, dan save)","Benchmark kumpulan talenta: minimum 100, median 500, maksimum 2.500 akun dijangkau per postingan; minimum 3, median 25, maksimum 150 interaksi per postingan",Memiliki ikan peliharaan,5,Diploma,Pemasaran digital,"Jangkauan rendah, interaksi rendah",174,4,Jangkauan rendah,Interaksi rendah,12,22,11
C-054,Kandidat 054,Perempuan,19 tahun 4 bulan,"Diploma, Multimedia",1 tahun 0 bulan,"CapCut, penyuntingan video pendek, riset tren",Rata-rata akun yang dijangkau per postingan: 447,"Rata-rata interaksi per postingan: 20 (gabungan likes, komentar, repost, share, dan save)","Benchmark kumpulan talenta: minimum 100, median 500, maksimum 2.500 akun dijangkau per postingan; minimum 3, median 25, maksimum 150 interaksi per postingan",Suka memasak di rumah,5,Diploma,Multimedia,"Jangkauan rendah, interaksi rendah",447,20,Jangkauan rendah,Interaksi rendah,12,19,4
C-055,Kandidat 055,Laki-laki,20 tahun 10 bulan,"Diploma, Pemasaran digital",1 tahun 0 bulan,"Meta Business Suite, penjadwalan konten, penanganan pesan pelanggan",Rata-rata akun yang dijangkau per postingan: 315,"Rata-rata interaksi per postingan: 12 (gabungan likes, komentar, repost, share, dan save)","Benchmark kumpulan talenta: minimum 100, median 500, maksimum 2.500 akun dijangkau per postingan; minimum 3, median 25, maksimum 150 interaksi per postingan",Suka menonton film aksi,5,Diploma,Pemasaran digital,"Jangkauan rendah, interaksi rendah",315,12,Jangkauan rendah,Interaksi rendah,12,20,10
C-056,Kandidat 056,Perempuan,22 tahun 5 bulan,"Diploma, Sistem informasi",1 tahun 6 bulan,"Canva, penulisan caption, perencanaan konten",Rata-rata akun yang dijangkau per postingan: 207,"Rata-rata interaksi per postingan: 4 (gabungan likes, komentar, repost, share, dan save)","Benchmark kumpulan talenta: minimum 100, median 500, maksimum 2.500 akun dijangkau per postingan; minimum 3, median 25, maksimum 150 interaksi per postingan",Suka mendengarkan musik K-pop,5,Diploma,Sistem informasi,"Jangkauan rendah, interaksi rendah",207,4,Jangkauan rendah,Interaksi rendah,18,22,5
C-057,Kandidat 057,Laki-laki,25 tahun 2 bulan,"Diploma, Multimedia",1 tahun 0 bulan,"Fotografi produk, Canva, konten katalog",Rata-rata akun yang dijangkau per postingan: 123,"Rata-rata interaksi per postingan: 13 (gabungan likes, komentar, repost, share, dan save)","Benchmark kumpulan talenta: minimum 100, median 500, maksimum 2.500 akun dijangkau per postingan; minimum 3, median 25, maksimum 150 interaksi per postingan",Suka menonton film komedi,5,Diploma,Multimedia,"Jangkauan rendah, interaksi rendah",123,13,Jangkauan rendah,Interaksi rendah,12,25,2
C-058,Kandidat 058,Perempuan,21 tahun 9 bulan,"Diploma, Komunikasi",2 tahun 0 bulan,"CapCut, penyuntingan video pendek, riset tren",Rata-rata akun yang dijangkau per postingan: 113,"Rata-rata interaksi per postingan: 8 (gabungan likes, komentar, repost, share, dan save)","Benchmark kumpulan talenta: minimum 100, median 500, maksimum 2.500 akun dijangkau per postingan; minimum 3, median 25, maksimum 150 interaksi per postingan",Memiliki kucing peliharaan,5,Diploma,Komunikasi,"Jangkauan rendah, interaksi rendah",113,8,Jangkauan rendah,Interaksi rendah,24,21,9
C-059,Kandidat 059,Perempuan,20 tahun 5 bulan,"Diploma, Komunikasi",0 tahun 6 bulan,"Meta Business Suite, penjadwalan konten, penanganan pesan pelanggan",Rata-rata akun yang dijangkau per postingan: 100,"Rata-rata interaksi per postingan: 14 (gabungan likes, komentar, repost, share, dan save)","Benchmark kumpulan talenta: minimum 100, median 500, maksimum 2.500 akun dijangkau per postingan; minimum 3, median 25, maksimum 150 interaksi per postingan",Suka menonton film aksi,5,Diploma,Komunikasi,"Jangkauan rendah, interaksi rendah",100,14,Jangkauan rendah,Interaksi rendah,6,20,5
C-060,Kandidat 060,Laki-laki,22 tahun 4 bulan,"Diploma, Komunikasi",2 tahun 0 bulan,"Meta Business Suite, penjadwalan konten, penanganan pesan pelanggan",Rata-rata akun yang dijangkau per postingan: 399,"Rata-rata interaksi per postingan: 10 (gabungan likes, komentar, repost, share, dan save)","Benchmark kumpulan talenta: minimum 100, median 500, maksimum 2.500 akun dijangkau per postingan; minimum 3, median 25, maksimum 150 interaksi per postingan",Suka memasak di rumah,5,Diploma,Komunikasi,"Jangkauan rendah, interaksi rendah",399,10,Jangkauan rendah,Interaksi rendah,24,22,4
C-061,Kandidat 061,Perempuan,19 tahun 6 bulan,"Diploma, Komunikasi",2 tahun 0 bulan,"Fotografi produk, Canva, konten katalog",Rata-rata akun yang dijangkau per postingan: 486,"Rata-rata interaksi per postingan: 23 (gabungan likes, komentar, repost, share, dan save)","Benchmark kumpulan talenta: minimum 100, median 500, maksimum 2.500 akun dijangkau per postingan; minimum 3, median 25, maksimum 150 interaksi per postingan",Memiliki ikan peliharaan,5,Diploma,Komunikasi,"Jangkauan rendah, interaksi rendah",486,23,Jangkauan rendah,Interaksi rendah,24,19,6
C-062,Kandidat 062,Laki-laki,22 tahun 11 bulan,"Diploma, Pemasaran digital",0 tahun 6 bulan,"Fotografi produk, Canva, konten katalog",Rata-rata akun yang dijangkau per postingan: 102,"Rata-rata interaksi per postingan: 5 (gabungan likes, komentar, repost, share, dan save)","Benchmark kumpulan talenta: minimum 100, median 500, maksimum 2.500 akun dijangkau per postingan; minimum 3, median 25, maksimum 150 interaksi per postingan",Suka memasak di rumah,5,Diploma,Pemasaran digital,"Jangkauan rendah, interaksi rendah",102,5,Jangkauan rendah,Interaksi rendah,6,22,11
C-063,Kandidat 063,Laki-laki,22 tahun 3 bulan,"Diploma, Pemasaran digital",1 tahun 6 bulan,"CapCut, penyuntingan video pendek, riset tren",Rata-rata akun yang dijangkau per postingan: 129,"Rata-rata interaksi per postingan: 21 (gabungan likes, komentar, repost, share, dan save)","Benchmark kumpulan talenta: minimum 100, median 500, maksimum 2.500 akun dijangkau per postingan; minimum 3, median 25, maksimum 150 interaksi per postingan",Memiliki kucing peliharaan,5,Diploma,Pemasaran digital,"Jangkauan rendah, interaksi rendah",129,21,Jangkauan rendah,Interaksi rendah,18,22,3
C-064,Kandidat 064,Perempuan,21 tahun 3 bulan,"Diploma, Pemasaran digital",1 tahun 6 bulan,"Fotografi produk, Canva, konten katalog",Rata-rata akun yang dijangkau per postingan: 101,"Rata-rata interaksi per postingan: 96 (gabungan likes, komentar, repost, share, dan save)","Benchmark kumpulan talenta: minimum 100, median 500, maksimum 2.500 akun dijangkau per postingan; minimum 3, median 25, maksimum 150 interaksi per postingan",Suka menonton film komedi,6,Diploma,Pemasaran digital,"Jangkauan rendah, interaksi tinggi",101,96,Jangkauan rendah,Interaksi tinggi,18,21,3
C-065,Kandidat 065,Laki-laki,25 tahun 9 bulan,"Diploma, Pemasaran digital",2 tahun 0 bulan,"Canva, penulisan caption, perencanaan konten",Rata-rata akun yang dijangkau per postingan: 131,"Rata-rata interaksi per postingan: 122 (gabungan likes, komentar, repost, share, dan save)","Benchmark kumpulan talenta: minimum 100, median 500, maksimum 2.500 akun dijangkau per postingan; minimum 3, median 25, maksimum 150 interaksi per postingan",Suka mendengarkan musik K-pop,6,Diploma,Pemasaran digital,"Jangkauan rendah, interaksi tinggi",131,122,Jangkauan rendah,Interaksi tinggi,24,25,9
C-066,Kandidat 066,Perempuan,22 tahun 11 bulan,"Diploma, Komunikasi",2 tahun 0 bulan,"Fotografi produk, Canva, konten katalog",Rata-rata akun yang dijangkau per postingan: 115,"Rata-rata interaksi per postingan: 26 (gabungan likes, komentar, repost, share, dan save)","Benchmark kumpulan talenta: minimum 100, median 500, maksimum 2.500 akun dijangkau per postingan; minimum 3, median 25, maksimum 150 interaksi per postingan",Suka menonton film komedi,6,Diploma,Komunikasi,"Jangkauan rendah, interaksi tinggi",115,26,Jangkauan rendah,Interaksi tinggi,24,22,11
C-067,Kandidat 067,Laki-laki,25 tahun 0 bulan,"Diploma, Sistem informasi",1 tahun 6 bulan,"Fotografi produk, Canva, konten katalog",Rata-rata akun yang dijangkau per postingan: 101,"Rata-rata interaksi per postingan: 36 (gabungan likes, komentar, repost, share, dan save)","Benchmark kumpulan talenta: minimum 100, median 500, maksimum 2.500 akun dijangkau per postingan; minimum 3, median 25, maksimum 150 interaksi per postingan",Suka menonton film aksi,6,Diploma,Sistem informasi,"Jangkauan rendah, interaksi tinggi",101,36,Jangkauan rendah,Interaksi tinggi,18,25,0
C-068,Kandidat 068,Perempuan,20 tahun 9 bulan,"Diploma, Komunikasi",1 tahun 0 bulan,"CapCut, penyuntingan video pendek, riset tren",Rata-rata akun yang dijangkau per postingan: 137,"Rata-rata interaksi per postingan: 82 (gabungan likes, komentar, repost, share, dan save)","Benchmark kumpulan talenta: minimum 100, median 500, maksimum 2.500 akun dijangkau per postingan; minimum 3, median 25, maksimum 150 interaksi per postingan",Suka mendengarkan musik K-pop,6,Diploma,Komunikasi,"Jangkauan rendah, interaksi tinggi",137,82,Jangkauan rendah,Interaksi tinggi,12,20,9
C-069,Kandidat 069,Laki-laki,20 tahun 2 bulan,"Diploma, Sistem informasi",2 tahun 0 bulan,"Meta Business Suite, penjadwalan konten, penanganan pesan pelanggan",Rata-rata akun yang dijangkau per postingan: 422,"Rata-rata interaksi per postingan: 124 (gabungan likes, komentar, repost, share, dan save)","Benchmark kumpulan talenta: minimum 100, median 500, maksimum 2.500 akun dijangkau per postingan; minimum 3, median 25, maksimum 150 interaksi per postingan",Suka memasak di rumah,6,Diploma,Sistem informasi,"Jangkauan rendah, interaksi tinggi",422,124,Jangkauan rendah,Interaksi tinggi,24,20,2
C-070,Kandidat 070,Perempuan,24 tahun 6 bulan,"Diploma, Komunikasi",1 tahun 0 bulan,"CapCut, penyuntingan video pendek, riset tren",Rata-rata akun yang dijangkau per postingan: 195,"Rata-rata interaksi per postingan: 38 (gabungan likes, komentar, repost, share, dan save)","Benchmark kumpulan talenta: minimum 100, median 500, maksimum 2.500 akun dijangkau per postingan; minimum 3, median 25, maksimum 150 interaksi per postingan",Memiliki ikan peliharaan,6,Diploma,Komunikasi,"Jangkauan rendah, interaksi tinggi",195,38,Jangkauan rendah,Interaksi tinggi,12,24,6
C-071,Kandidat 071,Perempuan,25 tahun 0 bulan,"Diploma, Komunikasi",0 tahun 6 bulan,"Meta Business Suite, penjadwalan konten, penanganan pesan pelanggan",Rata-rata akun yang dijangkau per postingan: 106,"Rata-rata interaksi per postingan: 80 (gabungan likes, komentar, repost, share, dan save)","Benchmark kumpulan talenta: minimum 100, median 500, maksimum 2.500 akun dijangkau per postingan; minimum 3, median 25, maksimum 150 interaksi per postingan",Memiliki kucing peliharaan,6,Diploma,Komunikasi,"Jangkauan rendah, interaksi tinggi",106,80,Jangkauan rendah,Interaksi tinggi,6,25,0
C-072,Kandidat 072,Perempuan,20 tahun 3 bulan,"Diploma, Pemasaran digital",0 tahun 6 bulan,"Canva, penulisan caption, perencanaan konten",Rata-rata akun yang dijangkau per postingan: 460,"Rata-rata interaksi per postingan: 44 (gabungan likes, komentar, repost, share, dan save)","Benchmark kumpulan talenta: minimum 100, median 500, maksimum 2.500 akun dijangkau per postingan; minimum 3, median 25, maksimum 150 interaksi per postingan",Memiliki ikan peliharaan,6,Diploma,Pemasaran digital,"Jangkauan rendah, interaksi tinggi",460,44,Jangkauan rendah,Interaksi tinggi,6,20,3
C-073,Kandidat 073,Laki-laki,23 tahun 3 bulan,"Diploma, Multimedia",1 tahun 0 bulan,"CapCut, penyuntingan video pendek, riset tren",Rata-rata akun yang dijangkau per postingan: 109,"Rata-rata interaksi per postingan: 70 (gabungan likes, komentar, repost, share, dan save)","Benchmark kumpulan talenta: minimum 100, median 500, maksimum 2.500 akun dijangkau per postingan; minimum 3, median 25, maksimum 150 interaksi per postingan",Memiliki kucing peliharaan,6,Diploma,Multimedia,"Jangkauan rendah, interaksi tinggi",109,70,Jangkauan rendah,Interaksi tinggi,12,23,3
C-074,Kandidat 074,Laki-laki,20 tahun 10 bulan,"Diploma, Komunikasi",0 tahun 6 bulan,"Canva, penulisan caption, perencanaan konten",Rata-rata akun yang dijangkau per postingan: 141,"Rata-rata interaksi per postingan: 56 (gabungan likes, komentar, repost, share, dan save)","Benchmark kumpulan talenta: minimum 100, median 500, maksimum 2.500 akun dijangkau per postingan; minimum 3, median 25, maksimum 150 interaksi per postingan",Suka memasak di rumah,6,Diploma,Komunikasi,"Jangkauan rendah, interaksi tinggi",141,56,Jangkauan rendah,Interaksi tinggi,6,20,10
C-075,Kandidat 075,Laki-laki,21 tahun 10 bulan,"Diploma, Sistem informasi",1 tahun 6 bulan,"Meta Business Suite, penjadwalan konten, penanganan pesan pelanggan",Rata-rata akun yang dijangkau per postingan: 144,"Rata-rata interaksi per postingan: 43 (gabungan likes, komentar, repost, share, dan save)","Benchmark kumpulan talenta: minimum 100, median 500, maksimum 2.500 akun dijangkau per postingan; minimum 3, median 25, maksimum 150 interaksi per postingan",Suka menonton film aksi,6,Diploma,Sistem informasi,"Jangkauan rendah, interaksi tinggi",144,43,Jangkauan rendah,Interaksi tinggi,18,21,10
C-076,Kandidat 076,Perempuan,25 tahun 1 bulan,"Diploma, Multimedia",1 tahun 6 bulan,"CapCut, penyuntingan video pendek, riset tren",Rata-rata akun yang dijangkau per postingan: 1.706,"Rata-rata interaksi per postingan: 3 (gabungan likes, komentar, repost, share, dan save)","Benchmark kumpulan talenta: minimum 100, median 500, maksimum 2.500 akun dijangkau per postingan; minimum 3, median 25, maksimum 150 interaksi per postingan",Suka menonton film komedi,7,Diploma,Multimedia,"Jangkauan tinggi, interaksi rendah",1706,3,Jangkauan tinggi,Interaksi rendah,18,25,1
C-077,Kandidat 077,Perempuan,23 tahun 9 bulan,"Diploma, Multimedia",2 tahun 0 bulan,"Canva, penulisan caption, perencanaan konten",Rata-rata akun yang dijangkau per postingan: 693,"Rata-rata interaksi per postingan: 3 (gabungan likes, komentar, repost, share, dan save)","Benchmark kumpulan talenta: minimum 100, median 500, maksimum 2.500 akun dijangkau per postingan; minimum 3, median 25, maksimum 150 interaksi per postingan",Suka menonton film komedi,7,Diploma,Multimedia,"Jangkauan tinggi, interaksi rendah",693,3,Jangkauan tinggi,Interaksi rendah,24,23,9
C-078,Kandidat 078,Laki-laki,25 tahun 1 bulan,"Diploma, Multimedia",2 tahun 0 bulan,"Fotografi produk, Canva, konten katalog",Rata-rata akun yang dijangkau per postingan: 575,"Rata-rata interaksi per postingan: 7 (gabungan likes, komentar, repost, share, dan save)","Benchmark kumpulan talenta: minimum 100, median 500, maksimum 2.500 akun dijangkau per postingan; minimum 3, median 25, maksimum 150 interaksi per postingan",Suka menonton film aksi,7,Diploma,Multimedia,"Jangkauan tinggi, interaksi rendah",575,7,Jangkauan tinggi,Interaksi rendah,24,25,1
C-079,Kandidat 079,Laki-laki,22 tahun 6 bulan,"Diploma, Komunikasi",1 tahun 6 bulan,"Canva, penulisan caption, perencanaan konten",Rata-rata akun yang dijangkau per postingan: 1.175,"Rata-rata interaksi per postingan: 4 (gabungan likes, komentar, repost, share, dan save)","Benchmark kumpulan talenta: minimum 100, median 500, maksimum 2.500 akun dijangkau per postingan; minimum 3, median 25, maksimum 150 interaksi per postingan",Suka memasak di rumah,7,Diploma,Komunikasi,"Jangkauan tinggi, interaksi rendah",1175,4,Jangkauan tinggi,Interaksi rendah,18,22,6
C-080,Kandidat 080,Perempuan,25 tahun 6 bulan,"Diploma, Multimedia",1 tahun 6 bulan,"Meta Business Suite, penjadwalan konten, penanganan pesan pelanggan",Rata-rata akun yang dijangkau per postingan: 1.201,"Rata-rata interaksi per postingan: 22 (gabungan likes, komentar, repost, share, dan save)","Benchmark kumpulan talenta: minimum 100, median 500, maksimum 2.500 akun dijangkau per postingan; minimum 3, median 25, maksimum 150 interaksi per postingan",Suka menonton film aksi,7,Diploma,Multimedia,"Jangkauan tinggi, interaksi rendah",1201,22,Jangkauan tinggi,Interaksi rendah,18,25,6
C-081,Kandidat 081,Perempuan,19 tahun 2 bulan,"Diploma, Multimedia",1 tahun 0 bulan,"Canva, penulisan caption, perencanaan konten",Rata-rata akun yang dijangkau per postingan: 1.227,"Rata-rata interaksi per postingan: 6 (gabungan likes, komentar, repost, share, dan save)","Benchmark kumpulan talenta: minimum 100, median 500, maksimum 2.500 akun dijangkau per postingan; minimum 3, median 25, maksimum 150 interaksi per postingan",Suka mendengarkan musik K-pop,7,Diploma,Multimedia,"Jangkauan tinggi, interaksi rendah",1227,6,Jangkauan tinggi,Interaksi rendah,12,19,2
C-082,Kandidat 082,Laki-laki,22 tahun 4 bulan,"Diploma, Sistem informasi",0 tahun 6 bulan,"CapCut, penyuntingan video pendek, riset tren",Rata-rata akun yang dijangkau per postingan: 1.424,"Rata-rata interaksi per postingan: 3 (gabungan likes, komentar, repost, share, dan save)","Benchmark kumpulan talenta: minimum 100, median 500, maksimum 2.500 akun dijangkau per postingan; minimum 3, median 25, maksimum 150 interaksi per postingan",Memiliki kucing peliharaan,7,Diploma,Sistem informasi,"Jangkauan tinggi, interaksi rendah",1424,3,Jangkauan tinggi,Interaksi rendah,6,22,4
C-083,Kandidat 083,Laki-laki,24 tahun 7 bulan,"Diploma, Komunikasi",1 tahun 0 bulan,"Meta Business Suite, penjadwalan konten, penanganan pesan pelanggan",Rata-rata akun yang dijangkau per postingan: 2.098,"Rata-rata interaksi per postingan: 15 (gabungan likes, komentar, repost, share, dan save)","Benchmark kumpulan talenta: minimum 100, median 500, maksimum 2.500 akun dijangkau per postingan; minimum 3, median 25, maksimum 150 interaksi per postingan",Memiliki ikan peliharaan,7,Diploma,Komunikasi,"Jangkauan tinggi, interaksi rendah",2098,15,Jangkauan tinggi,Interaksi rendah,12,24,7
C-084,Kandidat 084,Laki-laki,22 tahun 2 bulan,"Diploma, Pemasaran digital",0 tahun 6 bulan,"CapCut, penyuntingan video pendek, riset tren",Rata-rata akun yang dijangkau per postingan: 787,"Rata-rata interaksi per postingan: 5 (gabungan likes, komentar, repost, share, dan save)","Benchmark kumpulan talenta: minimum 100, median 500, maksimum 2.500 akun dijangkau per postingan; minimum 3, median 25, maksimum 150 interaksi per postingan",Suka mendengarkan musik K-pop,7,Diploma,Pemasaran digital,"Jangkauan tinggi, interaksi rendah",787,5,Jangkauan tinggi,Interaksi rendah,6,22,2
C-085,Kandidat 085,Perempuan,20 tahun 4 bulan,"Diploma, Sistem informasi",0 tahun 6 bulan,"Fotografi produk, Canva, konten katalog",Rata-rata akun yang dijangkau per postingan: 2.214,"Rata-rata interaksi per postingan: 18 (gabungan likes, komentar, repost, share, dan save)","Benchmark kumpulan talenta: minimum 100, median 500, maksimum 2.500 akun dijangkau per postingan; minimum 3, median 25, maksimum 150 interaksi per postingan",Memiliki kucing peliharaan,7,Diploma,Sistem informasi,"Jangkauan tinggi, interaksi rendah",2214,18,Jangkauan tinggi,Interaksi rendah,6,20,4
C-086,Kandidat 086,Laki-laki,22 tahun 2 bulan,"Diploma, Pemasaran digital",1 tahun 0 bulan,"Meta Business Suite, penjadwalan konten, penanganan pesan pelanggan",Rata-rata akun yang dijangkau per postingan: 1.002,"Rata-rata interaksi per postingan: 17 (gabungan likes, komentar, repost, share, dan save)","Benchmark kumpulan talenta: minimum 100, median 500, maksimum 2.500 akun dijangkau per postingan; minimum 3, median 25, maksimum 150 interaksi per postingan",Suka memasak di rumah,7,Diploma,Pemasaran digital,"Jangkauan tinggi, interaksi rendah",1002,17,Jangkauan tinggi,Interaksi rendah,12,22,2
C-087,Kandidat 087,Perempuan,23 tahun 6 bulan,"Diploma, Pemasaran digital",2 tahun 0 bulan,"Fotografi produk, Canva, konten katalog",Rata-rata akun yang dijangkau per postingan: 500,"Rata-rata interaksi per postingan: 3 (gabungan likes, komentar, repost, share, dan save)","Benchmark kumpulan talenta: minimum 100, median 500, maksimum 2.500 akun dijangkau per postingan; minimum 3, median 25, maksimum 150 interaksi per postingan",Memiliki ikan peliharaan,7,Diploma,Pemasaran digital,"Jangkauan tinggi, interaksi rendah",500,3,Jangkauan tinggi,Interaksi rendah,24,23,6
C-088,Kandidat 088,Laki-laki,20 tahun 7 bulan,"Diploma, Sistem informasi",1 tahun 0 bulan,"CapCut, penyuntingan video pendek, riset tren",Rata-rata akun yang dijangkau per postingan: 807,"Rata-rata interaksi per postingan: 84 (gabungan likes, komentar, repost, share, dan save)","Benchmark kumpulan talenta: minimum 100, median 500, maksimum 2.500 akun dijangkau per postingan; minimum 3, median 25, maksimum 150 interaksi per postingan",Suka mendengarkan musik K-pop,8,Diploma,Sistem informasi,"Jangkauan tinggi, interaksi tinggi",807,84,Jangkauan tinggi,Interaksi tinggi,12,20,7
C-089,Kandidat 089,Laki-laki,25 tahun 5 bulan,"Diploma, Komunikasi",2 tahun 0 bulan,"Canva, penulisan caption, perencanaan konten",Rata-rata akun yang dijangkau per postingan: 912,"Rata-rata interaksi per postingan: 39 (gabungan likes, komentar, repost, share, dan save)","Benchmark kumpulan talenta: minimum 100, median 500, maksimum 2.500 akun dijangkau per postingan; minimum 3, median 25, maksimum 150 interaksi per postingan",Suka menonton film komedi,8,Diploma,Komunikasi,"Jangkauan tinggi, interaksi tinggi",912,39,Jangkauan tinggi,Interaksi tinggi,24,25,5
C-090,Kandidat 090,Perempuan,24 tahun 11 bulan,"Diploma, Multimedia",0 tahun 6 bulan,"Fotografi produk, Canva, konten katalog",Rata-rata akun yang dijangkau per postingan: 514,"Rata-rata interaksi per postingan: 142 (gabungan likes, komentar, repost, share, dan save)","Benchmark kumpulan talenta: minimum 100, median 500, maksimum 2.500 akun dijangkau per postingan; minimum 3, median 25, maksimum 150 interaksi per postingan",Suka mendengarkan musik K-pop,8,Diploma,Multimedia,"Jangkauan tinggi, interaksi tinggi",514,142,Jangkauan tinggi,Interaksi tinggi,6,24,11
C-091,Kandidat 091,Laki-laki,24 tahun 6 bulan,"Diploma, Sistem informasi",2 tahun 0 bulan,"CapCut, penyuntingan video pendek, riset tren",Rata-rata akun yang dijangkau per postingan: 2.375,"Rata-rata interaksi per postingan: 51 (gabungan likes, komentar, repost, share, dan save)","Benchmark kumpulan talenta: minimum 100, median 500, maksimum 2.500 akun dijangkau per postingan; minimum 3, median 25, maksimum 150 interaksi per postingan",Suka menonton film komedi,8,Diploma,Sistem informasi,"Jangkauan tinggi, interaksi tinggi",2375,51,Jangkauan tinggi,Interaksi tinggi,24,24,6
C-092,Kandidat 092,Perempuan,20 tahun 6 bulan,"Diploma, Pemasaran digital",1 tahun 6 bulan,"CapCut, penyuntingan video pendek, riset tren",Rata-rata akun yang dijangkau per postingan: 2.175,"Rata-rata interaksi per postingan: 77 (gabungan likes, komentar, repost, share, dan save)","Benchmark kumpulan talenta: minimum 100, median 500, maksimum 2.500 akun dijangkau per postingan; minimum 3, median 25, maksimum 150 interaksi per postingan",Suka memasak di rumah,8,Diploma,Pemasaran digital,"Jangkauan tinggi, interaksi tinggi",2175,77,Jangkauan tinggi,Interaksi tinggi,18,20,6
C-093,Kandidat 093,Laki-laki,20 tahun 3 bulan,"Diploma, Multimedia",1 tahun 0 bulan,"Meta Business Suite, penjadwalan konten, penanganan pesan pelanggan",Rata-rata akun yang dijangkau per postingan: 711,"Rata-rata interaksi per postingan: 129 (gabungan likes, komentar, repost, share, dan save)","Benchmark kumpulan talenta: minimum 100, median 500, maksimum 2.500 akun dijangkau per postingan; minimum 3, median 25, maksimum 150 interaksi per postingan",Suka menonton film aksi,8,Diploma,Multimedia,"Jangkauan tinggi, interaksi tinggi",711,129,Jangkauan tinggi,Interaksi tinggi,12,20,3
C-094,Kandidat 094,Perempuan,19 tahun 4 bulan,"Diploma, Sistem informasi",1 tahun 6 bulan,"Canva, penulisan caption, perencanaan konten",Rata-rata akun yang dijangkau per postingan: 1.949,"Rata-rata interaksi per postingan: 113 (gabungan likes, komentar, repost, share, dan save)","Benchmark kumpulan talenta: minimum 100, median 500, maksimum 2.500 akun dijangkau per postingan; minimum 3, median 25, maksimum 150 interaksi per postingan",Memiliki kucing peliharaan,8,Diploma,Sistem informasi,"Jangkauan tinggi, interaksi tinggi",1949,113,Jangkauan tinggi,Interaksi tinggi,18,19,4
C-095,Kandidat 095,Perempuan,21 tahun 2 bulan,"Diploma, Komunikasi",1 tahun 6 bulan,"Meta Business Suite, penjadwalan konten, penanganan pesan pelanggan",Rata-rata akun yang dijangkau per postingan: 2.136,"Rata-rata interaksi per postingan: 42 (gabungan likes, komentar, repost, share, dan save)","Benchmark kumpulan talenta: minimum 100, median 500, maksimum 2.500 akun dijangkau per postingan; minimum 3, median 25, maksimum 150 interaksi per postingan",Memiliki ikan peliharaan,8,Diploma,Komunikasi,"Jangkauan tinggi, interaksi tinggi",2136,42,Jangkauan tinggi,Interaksi tinggi,18,21,2
C-096,Kandidat 096,Perempuan,23 tahun 0 bulan,"Diploma, Pemasaran digital",0 tahun 6 bulan,"Fotografi produk, Canva, konten katalog",Rata-rata akun yang dijangkau per postingan: 1.609,"Rata-rata interaksi per postingan: 78 (gabungan likes, komentar, repost, share, dan save)","Benchmark kumpulan talenta: minimum 100, median 500, maksimum 2.500 akun dijangkau per postingan; minimum 3, median 25, maksimum 150 interaksi per postingan",Suka memasak di rumah,8,Diploma,Pemasaran digital,"Jangkauan tinggi, interaksi tinggi",1609,78,Jangkauan tinggi,Interaksi tinggi,6,23,0
C-097,Kandidat 097,Laki-laki,21 tahun 4 bulan,"Diploma, Sistem informasi",0 tahun 6 bulan,"Canva, penulisan caption, perencanaan konten",Rata-rata akun yang dijangkau per postingan: 1.282,"Rata-rata interaksi per postingan: 65 (gabungan likes, komentar, repost, share, dan save)","Benchmark kumpulan talenta: minimum 100, median 500, maksimum 2.500 akun dijangkau per postingan; minimum 3, median 25, maksimum 150 interaksi per postingan",Memiliki ikan peliharaan,8,Diploma,Sistem informasi,"Jangkauan tinggi, interaksi tinggi",1282,65,Jangkauan tinggi,Interaksi tinggi,6,21,4
C-098,Kandidat 098,Laki-laki,23 tahun 4 bulan,"Diploma, Pemasaran digital",2 tahun 0 bulan,"Meta Business Suite, penjadwalan konten, penanganan pesan pelanggan",Rata-rata akun yang dijangkau per postingan: 1.149,"Rata-rata interaksi per postingan: 33 (gabungan likes, komentar, repost, share, dan save)","Benchmark kumpulan talenta: minimum 100, median 500, maksimum 2.500 akun dijangkau per postingan; minimum 3, median 25, maksimum 150 interaksi per postingan",Suka menonton film aksi,8,Diploma,Pemasaran digital,"Jangkauan tinggi, interaksi tinggi",1149,33,Jangkauan tinggi,Interaksi tinggi,24,23,4
C-099,Kandidat 099,Laki-laki,23 tahun 4 bulan,"Diploma, Multimedia",0 tahun 6 bulan,"Fotografi produk, Canva, konten katalog",Rata-rata akun yang dijangkau per postingan: 591,"Rata-rata interaksi per postingan: 59 (gabungan likes, komentar, repost, share, dan save)","Benchmark kumpulan talenta: minimum 100, median 500, maksimum 2.500 akun dijangkau per postingan; minimum 3, median 25, maksimum 150 interaksi per postingan",Memiliki kucing peliharaan,8,Diploma,Multimedia,"Jangkauan tinggi, interaksi tinggi",591,59,Jangkauan tinggi,Interaksi tinggi,6,23,4
C-100,Kandidat 100,Perempuan,24 tahun 7 bulan,"Diploma, Sistem informasi",1 tahun 0 bulan,"Canva, penulisan caption, perencanaan konten",Rata-rata akun yang dijangkau per postingan: 675,"Rata-rata interaksi per postingan: 120 (gabungan likes, komentar, repost, share, dan save)","Benchmark kumpulan talenta: minimum 100, median 500, maksimum 2.500 akun dijangkau per postingan; minimum 3, median 25, maksimum 150 interaksi per postingan",Suka menonton film aksi,8,Diploma,Sistem informasi,"Jangkauan tinggi, interaksi tinggi",675,120,Jangkauan tinggi,Interaksi tinggi,12,24,7
C-101,Kandidat 101,Perempuan,24 tahun 11 bulan,"Sarjana, Komunikasi",1 tahun 0 bulan,"Fotografi produk, Canva, konten katalog",Rata-rata akun yang dijangkau per postingan: 160,"Rata-rata interaksi per postingan: 11 (gabungan likes, komentar, repost, share, dan save)","Benchmark kumpulan talenta: minimum 100, median 500, maksimum 2.500 akun dijangkau per postingan; minimum 3, median 25, maksimum 150 interaksi per postingan",Memiliki ikan peliharaan,9,Sarjana,Komunikasi,"Jangkauan rendah, interaksi rendah",160,11,Jangkauan rendah,Interaksi rendah,12,24,11
C-102,Kandidat 102,Laki-laki,19 tahun 7 bulan,"Sarjana, Komunikasi",1 tahun 0 bulan,"Meta Business Suite, penjadwalan konten, penanganan pesan pelanggan",Rata-rata akun yang dijangkau per postingan: 500,"Rata-rata interaksi per postingan: 7 (gabungan likes, komentar, repost, share, dan save)","Benchmark kumpulan talenta: minimum 100, median 500, maksimum 2.500 akun dijangkau per postingan; minimum 3, median 25, maksimum 150 interaksi per postingan",Suka menonton film komedi,9,Sarjana,Komunikasi,"Jangkauan rendah, interaksi rendah",500,7,Jangkauan rendah,Interaksi rendah,12,19,7
C-103,Kandidat 103,Laki-laki,19 tahun 7 bulan,"Sarjana, Komunikasi",1 tahun 6 bulan,"Meta Business Suite, penjadwalan konten, penanganan pesan pelanggan",Rata-rata akun yang dijangkau per postingan: 121,"Rata-rata interaksi per postingan: 3 (gabungan likes, komentar, repost, share, dan save)","Benchmark kumpulan talenta: minimum 100, median 500, maksimum 2.500 akun dijangkau per postingan; minimum 3, median 25, maksimum 150 interaksi per postingan",Memiliki kucing peliharaan,9,Sarjana,Komunikasi,"Jangkauan rendah, interaksi rendah",121,3,Jangkauan rendah,Interaksi rendah,18,19,7
C-104,Kandidat 104,Perempuan,23 tahun 6 bulan,"Sarjana, Komunikasi",0 tahun 6 bulan,"CapCut, penyuntingan video pendek, riset tren",Rata-rata akun yang dijangkau per postingan: 179,"Rata-rata interaksi per postingan: 3 (gabungan likes, komentar, repost, share, dan save)","Benchmark kumpulan talenta: minimum 100, median 500, maksimum 2.500 akun dijangkau per postingan; minimum 3, median 25, maksimum 150 interaksi per postingan",Suka menonton film komedi,9,Sarjana,Komunikasi,"Jangkauan rendah, interaksi rendah",179,3,Jangkauan rendah,Interaksi rendah,6,23,6
C-105,Kandidat 105,Laki-laki,23 tahun 11 bulan,"Sarjana, Pemasaran",2 tahun 0 bulan,"Fotografi produk, Canva, konten katalog",Rata-rata akun yang dijangkau per postingan: 365,"Rata-rata interaksi per postingan: 3 (gabungan likes, komentar, repost, share, dan save)","Benchmark kumpulan talenta: minimum 100, median 500, maksimum 2.500 akun dijangkau per postingan; minimum 3, median 25, maksimum 150 interaksi per postingan",Suka memasak di rumah,9,Sarjana,Pemasaran,"Jangkauan rendah, interaksi rendah",365,3,Jangkauan rendah,Interaksi rendah,24,23,11
C-106,Kandidat 106,Perempuan,24 tahun 7 bulan,"Sarjana, Komunikasi",1 tahun 0 bulan,"Meta Business Suite, penjadwalan konten, penanganan pesan pelanggan",Rata-rata akun yang dijangkau per postingan: 101,"Rata-rata interaksi per postingan: 5 (gabungan likes, komentar, repost, share, dan save)","Benchmark kumpulan talenta: minimum 100, median 500, maksimum 2.500 akun dijangkau per postingan; minimum 3, median 25, maksimum 150 interaksi per postingan",Memiliki ikan peliharaan,9,Sarjana,Komunikasi,"Jangkauan rendah, interaksi rendah",101,5,Jangkauan rendah,Interaksi rendah,12,24,7
C-107,Kandidat 107,Perempuan,23 tahun 6 bulan,"Sarjana, Manajemen",0 tahun 6 bulan,"Canva, penulisan caption, perencanaan konten",Rata-rata akun yang dijangkau per postingan: 100,"Rata-rata interaksi per postingan: 10 (gabungan likes, komentar, repost, share, dan save)","Benchmark kumpulan talenta: minimum 100, median 500, maksimum 2.500 akun dijangkau per postingan; minimum 3, median 25, maksimum 150 interaksi per postingan",Suka mendengarkan musik K-pop,9,Sarjana,Manajemen,"Jangkauan rendah, interaksi rendah",100,10,Jangkauan rendah,Interaksi rendah,6,23,6
C-108,Kandidat 108,Laki-laki,20 tahun 1 bulan,"Sarjana, Manajemen",0 tahun 6 bulan,"Canva, penulisan caption, perencanaan konten",Rata-rata akun yang dijangkau per postingan: 248,"Rata-rata interaksi per postingan: 6 (gabungan likes, komentar, repost, share, dan save)","Benchmark kumpulan talenta: minimum 100, median 500, maksimum 2.500 akun dijangkau per postingan; minimum 3, median 25, maksimum 150 interaksi per postingan",Suka menonton film aksi,9,Sarjana,Manajemen,"Jangkauan rendah, interaksi rendah",248,6,Jangkauan rendah,Interaksi rendah,6,20,1
C-109,Kandidat 109,Laki-laki,20 tahun 0 bulan,"Sarjana, Administrasi bisnis",1 tahun 6 bulan,"Canva, penulisan caption, perencanaan konten",Rata-rata akun yang dijangkau per postingan: 240,"Rata-rata interaksi per postingan: 14 (gabungan likes, komentar, repost, share, dan save)","Benchmark kumpulan talenta: minimum 100, median 500, maksimum 2.500 akun dijangkau per postingan; minimum 3, median 25, maksimum 150 interaksi per postingan",Memiliki kucing peliharaan,9,Sarjana,Administrasi bisnis,"Jangkauan rendah, interaksi rendah",240,14,Jangkauan rendah,Interaksi rendah,18,20,0
C-110,Kandidat 110,Perempuan,23 tahun 11 bulan,"Sarjana, Administrasi bisnis",1 tahun 6 bulan,"Fotografi produk, Canva, konten katalog",Rata-rata akun yang dijangkau per postingan: 126,"Rata-rata interaksi per postingan: 3 (gabungan likes, komentar, repost, share, dan save)","Benchmark kumpulan talenta: minimum 100, median 500, maksimum 2.500 akun dijangkau per postingan; minimum 3, median 25, maksimum 150 interaksi per postingan",Suka mendengarkan musik K-pop,9,Sarjana,Administrasi bisnis,"Jangkauan rendah, interaksi rendah",126,3,Jangkauan rendah,Interaksi rendah,18,23,11
C-111,Kandidat 111,Perempuan,19 tahun 5 bulan,"Sarjana, Pemasaran",2 tahun 0 bulan,"CapCut, penyuntingan video pendek, riset tren",Rata-rata akun yang dijangkau per postingan: 164,"Rata-rata interaksi per postingan: 8 (gabungan likes, komentar, repost, share, dan save)","Benchmark kumpulan talenta: minimum 100, median 500, maksimum 2.500 akun dijangkau per postingan; minimum 3, median 25, maksimum 150 interaksi per postingan",Suka menonton film aksi,9,Sarjana,Pemasaran,"Jangkauan rendah, interaksi rendah",164,8,Jangkauan rendah,Interaksi rendah,24,19,5
C-112,Kandidat 112,Laki-laki,22 tahun 7 bulan,"Sarjana, Administrasi bisnis",2 tahun 0 bulan,"CapCut, penyuntingan video pendek, riset tren",Rata-rata akun yang dijangkau per postingan: 411,"Rata-rata interaksi per postingan: 3 (gabungan likes, komentar, repost, share, dan save)","Benchmark kumpulan talenta: minimum 100, median 500, maksimum 2.500 akun dijangkau per postingan; minimum 3, median 25, maksimum 150 interaksi per postingan",Suka memasak di rumah,9,Sarjana,Administrasi bisnis,"Jangkauan rendah, interaksi rendah",411,3,Jangkauan rendah,Interaksi rendah,24,22,7
C-113,Kandidat 113,Perempuan,24 tahun 8 bulan,"Sarjana, Pemasaran",1 tahun 6 bulan,"Meta Business Suite, penjadwalan konten, penanganan pesan pelanggan",Rata-rata akun yang dijangkau per postingan: 334,"Rata-rata interaksi per postingan: 92 (gabungan likes, komentar, repost, share, dan save)","Benchmark kumpulan talenta: minimum 100, median 500, maksimum 2.500 akun dijangkau per postingan; minimum 3, median 25, maksimum 150 interaksi per postingan",Suka mendengarkan musik K-pop,10,Sarjana,Pemasaran,"Jangkauan rendah, interaksi tinggi",334,92,Jangkauan rendah,Interaksi tinggi,18,24,8
C-114,Kandidat 114,Perempuan,22 tahun 10 bulan,"Sarjana, Manajemen",2 tahun 0 bulan,"CapCut, penyuntingan video pendek, riset tren",Rata-rata akun yang dijangkau per postingan: 271,"Rata-rata interaksi per postingan: 145 (gabungan likes, komentar, repost, share, dan save)","Benchmark kumpulan talenta: minimum 100, median 500, maksimum 2.500 akun dijangkau per postingan; minimum 3, median 25, maksimum 150 interaksi per postingan",Suka mendengarkan musik K-pop,10,Sarjana,Manajemen,"Jangkauan rendah, interaksi tinggi",271,145,Jangkauan rendah,Interaksi tinggi,24,22,10
C-115,Kandidat 115,Laki-laki,23 tahun 9 bulan,"Sarjana, Pemasaran",2 tahun 0 bulan,"Fotografi produk, Canva, konten katalog",Rata-rata akun yang dijangkau per postingan: 107,"Rata-rata interaksi per postingan: 68 (gabungan likes, komentar, repost, share, dan save)","Benchmark kumpulan talenta: minimum 100, median 500, maksimum 2.500 akun dijangkau per postingan; minimum 3, median 25, maksimum 150 interaksi per postingan",Suka menonton film komedi,10,Sarjana,Pemasaran,"Jangkauan rendah, interaksi tinggi",107,68,Jangkauan rendah,Interaksi tinggi,24,23,9
C-116,Kandidat 116,Perempuan,19 tahun 0 bulan,"Sarjana, Manajemen",1 tahun 0 bulan,"CapCut, penyuntingan video pendek, riset tren",Rata-rata akun yang dijangkau per postingan: 100,"Rata-rata interaksi per postingan: 48 (gabungan likes, komentar, repost, share, dan save)","Benchmark kumpulan talenta: minimum 100, median 500, maksimum 2.500 akun dijangkau per postingan; minimum 3, median 25, maksimum 150 interaksi per postingan",Memiliki kucing peliharaan,10,Sarjana,Manajemen,"Jangkauan rendah, interaksi tinggi",100,48,Jangkauan rendah,Interaksi tinggi,12,19,0
C-117,Kandidat 117,Perempuan,24 tahun 9 bulan,"Sarjana, Komunikasi",1 tahun 0 bulan,"Canva, penulisan caption, perencanaan konten",Rata-rata akun yang dijangkau per postingan: 100,"Rata-rata interaksi per postingan: 86 (gabungan likes, komentar, repost, share, dan save)","Benchmark kumpulan talenta: minimum 100, median 500, maksimum 2.500 akun dijangkau per postingan; minimum 3, median 25, maksimum 150 interaksi per postingan",Suka menonton film aksi,10,Sarjana,Komunikasi,"Jangkauan rendah, interaksi tinggi",100,86,Jangkauan rendah,Interaksi tinggi,12,24,9
C-118,Kandidat 118,Laki-laki,21 tahun 11 bulan,"Sarjana, Pemasaran",1 tahun 0 bulan,"Fotografi produk, Canva, konten katalog",Rata-rata akun yang dijangkau per postingan: 297,"Rata-rata interaksi per postingan: 28 (gabungan likes, komentar, repost, share, dan save)","Benchmark kumpulan talenta: minimum 100, median 500, maksimum 2.500 akun dijangkau per postingan; minimum 3, median 25, maksimum 150 interaksi per postingan",Suka menonton film aksi,10,Sarjana,Pemasaran,"Jangkauan rendah, interaksi tinggi",297,28,Jangkauan rendah,Interaksi tinggi,12,21,11
C-119,Kandidat 119,Laki-laki,24 tahun 7 bulan,"Sarjana, Pemasaran",0 tahun 6 bulan,"CapCut, penyuntingan video pendek, riset tren",Rata-rata akun yang dijangkau per postingan: 201,"Rata-rata interaksi per postingan: 62 (gabungan likes, komentar, repost, share, dan save)","Benchmark kumpulan talenta: minimum 100, median 500, maksimum 2.500 akun dijangkau per postingan; minimum 3, median 25, maksimum 150 interaksi per postingan",Suka memasak di rumah,10,Sarjana,Pemasaran,"Jangkauan rendah, interaksi tinggi",201,62,Jangkauan rendah,Interaksi tinggi,6,24,7
C-120,Kandidat 120,Laki-laki,20 tahun 4 bulan,"Sarjana, Administrasi bisnis",0 tahun 6 bulan,"Meta Business Suite, penjadwalan konten, penanganan pesan pelanggan",Rata-rata akun yang dijangkau per postingan: 100,"Rata-rata interaksi per postingan: 28 (gabungan likes, komentar, repost, share, dan save)","Benchmark kumpulan talenta: minimum 100, median 500, maksimum 2.500 akun dijangkau per postingan; minimum 3, median 25, maksimum 150 interaksi per postingan",Memiliki ikan peliharaan,10,Sarjana,Administrasi bisnis,"Jangkauan rendah, interaksi tinggi",100,28,Jangkauan rendah,Interaksi tinggi,6,20,4
C-121,Kandidat 121,Laki-laki,21 tahun 2 bulan,"Sarjana, Komunikasi",1 tahun 6 bulan,"Canva, penulisan caption, perencanaan konten",Rata-rata akun yang dijangkau per postingan: 263,"Rata-rata interaksi per postingan: 35 (gabungan likes, komentar, repost, share, dan save)","Benchmark kumpulan talenta: minimum 100, median 500, maksimum 2.500 akun dijangkau per postingan; minimum 3, median 25, maksimum 150 interaksi per postingan",Suka menonton film komedi,10,Sarjana,Komunikasi,"Jangkauan rendah, interaksi tinggi",263,35,Jangkauan rendah,Interaksi tinggi,18,21,2
C-122,Kandidat 122,Laki-laki,23 tahun 3 bulan,"Sarjana, Pemasaran",0 tahun 6 bulan,"Fotografi produk, Canva, konten katalog",Rata-rata akun yang dijangkau per postingan: 104,"Rata-rata interaksi per postingan: 90 (gabungan likes, komentar, repost, share, dan save)","Benchmark kumpulan talenta: minimum 100, median 500, maksimum 2.500 akun dijangkau per postingan; minimum 3, median 25, maksimum 150 interaksi per postingan",Memiliki ikan peliharaan,10,Sarjana,Pemasaran,"Jangkauan rendah, interaksi tinggi",104,90,Jangkauan rendah,Interaksi tinggi,6,23,3
C-123,Kandidat 123,Perempuan,23 tahun 11 bulan,"Sarjana, Manajemen",1 tahun 6 bulan,"Meta Business Suite, penjadwalan konten, penanganan pesan pelanggan",Rata-rata akun yang dijangkau per postingan: 134,"Rata-rata interaksi per postingan: 52 (gabungan likes, komentar, repost, share, dan save)","Benchmark kumpulan talenta: minimum 100, median 500, maksimum 2.500 akun dijangkau per postingan; minimum 3, median 25, maksimum 150 interaksi per postingan",Memiliki kucing peliharaan,10,Sarjana,Manajemen,"Jangkauan rendah, interaksi tinggi",134,52,Jangkauan rendah,Interaksi tinggi,18,23,11
C-124,Kandidat 124,Laki-laki,19 tahun 2 bulan,"Sarjana, Administrasi bisnis",1 tahun 6 bulan,"Fotografi produk, Canva, konten katalog",Rata-rata akun yang dijangkau per postingan: 387,"Rata-rata interaksi per postingan: 71 (gabungan likes, komentar, repost, share, dan save)","Benchmark kumpulan talenta: minimum 100, median 500, maksimum 2.500 akun dijangkau per postingan; minimum 3, median 25, maksimum 150 interaksi per postingan",Suka memasak di rumah,10,Sarjana,Administrasi bisnis,"Jangkauan rendah, interaksi tinggi",387,71,Jangkauan rendah,Interaksi tinggi,18,19,2
C-125,Kandidat 125,Perempuan,20 tahun 0 bulan,"Sarjana, Pemasaran",2 tahun 0 bulan,"Canva, penulisan caption, perencanaan konten",Rata-rata akun yang dijangkau per postingan: 189,"Rata-rata interaksi per postingan: 32 (gabungan likes, komentar, repost, share, dan save)","Benchmark kumpulan talenta: minimum 100, median 500, maksimum 2.500 akun dijangkau per postingan; minimum 3, median 25, maksimum 150 interaksi per postingan",Suka mendengarkan musik K-pop,10,Sarjana,Pemasaran,"Jangkauan rendah, interaksi tinggi",189,32,Jangkauan rendah,Interaksi tinggi,24,20,0
C-126,Kandidat 126,Perempuan,19 tahun 1 bulan,"Sarjana, Manajemen",2 tahun 0 bulan,"Canva, penulisan caption, perencanaan konten",Rata-rata akun yang dijangkau per postingan: 2.500,"Rata-rata interaksi per postingan: 24 (gabungan likes, komentar, repost, share, dan save)","Benchmark kumpulan talenta: minimum 100, median 500, maksimum 2.500 akun dijangkau per postingan; minimum 3, median 25, maksimum 150 interaksi per postingan",Suka memasak di rumah,11,Sarjana,Manajemen,"Jangkauan tinggi, interaksi rendah",2500,24,Jangkauan tinggi,Interaksi rendah,24,19,1
C-127,Kandidat 127,Laki-laki,23 tahun 10 bulan,"Sarjana, Administrasi bisnis",2 tahun 0 bulan,"CapCut, penyuntingan video pendek, riset tren",Rata-rata akun yang dijangkau per postingan: 748,"Rata-rata interaksi per postingan: 5 (gabungan likes, komentar, repost, share, dan save)","Benchmark kumpulan talenta: minimum 100, median 500, maksimum 2.500 akun dijangkau per postingan; minimum 3, median 25, maksimum 150 interaksi per postingan",Memiliki ikan peliharaan,11,Sarjana,Administrasi bisnis,"Jangkauan tinggi, interaksi rendah",748,5,Jangkauan tinggi,Interaksi rendah,24,23,10
C-128,Kandidat 128,Laki-laki,25 tahun 6 bulan,"Sarjana, Administrasi bisnis",1 tahun 6 bulan,"Meta Business Suite, penjadwalan konten, penanganan pesan pelanggan",Rata-rata akun yang dijangkau per postingan: 890,"Rata-rata interaksi per postingan: 5 (gabungan likes, komentar, repost, share, dan save)","Benchmark kumpulan talenta: minimum 100, median 500, maksimum 2.500 akun dijangkau per postingan; minimum 3, median 25, maksimum 150 interaksi per postingan",Suka menonton film komedi,11,Sarjana,Administrasi bisnis,"Jangkauan tinggi, interaksi rendah",890,5,Jangkauan tinggi,Interaksi rendah,18,25,6
C-129,Kandidat 129,Perempuan,24 tahun 0 bulan,"Sarjana, Pemasaran",0 tahun 6 bulan,"Fotografi produk, Canva, konten katalog",Rata-rata akun yang dijangkau per postingan: 1.124,"Rata-rata interaksi per postingan: 3 (gabungan likes, komentar, repost, share, dan save)","Benchmark kumpulan talenta: minimum 100, median 500, maksimum 2.500 akun dijangkau per postingan; minimum 3, median 25, maksimum 150 interaksi per postingan",Memiliki kucing peliharaan,11,Sarjana,Pemasaran,"Jangkauan tinggi, interaksi rendah",1124,3,Jangkauan tinggi,Interaksi rendah,6,24,0
C-130,Kandidat 130,Laki-laki,20 tahun 8 bulan,"Sarjana, Administrasi bisnis",1 tahun 6 bulan,"CapCut, penyuntingan video pendek, riset tren",Rata-rata akun yang dijangkau per postingan: 623,"Rata-rata interaksi per postingan: 12 (gabungan likes, komentar, repost, share, dan save)","Benchmark kumpulan talenta: minimum 100, median 500, maksimum 2.500 akun dijangkau per postingan; minimum 3, median 25, maksimum 150 interaksi per postingan",Suka menonton film aksi,11,Sarjana,Administrasi bisnis,"Jangkauan tinggi, interaksi rendah",623,12,Jangkauan tinggi,Interaksi rendah,18,20,8
C-131,Kandidat 131,Laki-laki,19 tahun 2 bulan,"Sarjana, Administrasi bisnis",1 tahun 0 bulan,"CapCut, penyuntingan video pendek, riset tren",Rata-rata akun yang dijangkau per postingan: 730,"Rata-rata interaksi per postingan: 13 (gabungan likes, komentar, repost, share, dan save)","Benchmark kumpulan talenta: minimum 100, median 500, maksimum 2.500 akun dijangkau per postingan; minimum 3, median 25, maksimum 150 interaksi per postingan",Suka mendengarkan musik K-pop,11,Sarjana,Administrasi bisnis,"Jangkauan tinggi, interaksi rendah",730,13,Jangkauan tinggi,Interaksi rendah,12,19,2
C-132,Kandidat 132,Perempuan,24 tahun 4 bulan,"Sarjana, Komunikasi",1 tahun 6 bulan,"Meta Business Suite, penjadwalan konten, penanganan pesan pelanggan",Rata-rata akun yang dijangkau per postingan: 934,"Rata-rata interaksi per postingan: 11 (gabungan likes, komentar, repost, share, dan save)","Benchmark kumpulan talenta: minimum 100, median 500, maksimum 2.500 akun dijangkau per postingan; minimum 3, median 25, maksimum 150 interaksi per postingan",Suka memasak di rumah,11,Sarjana,Komunikasi,"Jangkauan tinggi, interaksi rendah",934,11,Jangkauan tinggi,Interaksi rendah,18,24,4
C-133,Kandidat 133,Perempuan,19 tahun 10 bulan,"Sarjana, Manajemen",1 tahun 0 bulan,"Meta Business Suite, penjadwalan konten, penanganan pesan pelanggan",Rata-rata akun yang dijangkau per postingan: 1.641,"Rata-rata interaksi per postingan: 3 (gabungan likes, komentar, repost, share, dan save)","Benchmark kumpulan talenta: minimum 100, median 500, maksimum 2.500 akun dijangkau per postingan; minimum 3, median 25, maksimum 150 interaksi per postingan",Suka mendengarkan musik K-pop,11,Sarjana,Manajemen,"Jangkauan tinggi, interaksi rendah",1641,3,Jangkauan tinggi,Interaksi rendah,12,19,10
C-134,Kandidat 134,Laki-laki,20 tahun 8 bulan,"Sarjana, Komunikasi",2 tahun 0 bulan,"Fotografi produk, Canva, konten katalog",Rata-rata akun yang dijangkau per postingan: 1.673,"Rata-rata interaksi per postingan: 4 (gabungan likes, komentar, repost, share, dan save)","Benchmark kumpulan talenta: minimum 100, median 500, maksimum 2.500 akun dijangkau per postingan; minimum 3, median 25, maksimum 150 interaksi per postingan",Suka menonton film komedi,11,Sarjana,Komunikasi,"Jangkauan tinggi, interaksi rendah",1673,4,Jangkauan tinggi,Interaksi rendah,24,20,8
C-135,Kandidat 135,Perempuan,19 tahun 7 bulan,"Sarjana, Pemasaran",1 tahun 0 bulan,"Canva, penulisan caption, perencanaan konten",Rata-rata akun yang dijangkau per postingan: 1.338,"Rata-rata interaksi per postingan: 4 (gabungan likes, komentar, repost, share, dan save)","Benchmark kumpulan talenta: minimum 100, median 500, maksimum 2.500 akun dijangkau per postingan; minimum 3, median 25, maksimum 150 interaksi per postingan",Suka memasak di rumah,11,Sarjana,Pemasaran,"Jangkauan tinggi, interaksi rendah",1338,4,Jangkauan tinggi,Interaksi rendah,12,19,7
C-136,Kandidat 136,Laki-laki,19 tahun 3 bulan,"Sarjana, Administrasi bisnis",2 tahun 0 bulan,"Canva, penulisan caption, perencanaan konten",Rata-rata akun yang dijangkau per postingan: 1.099,"Rata-rata interaksi per postingan: 4 (gabungan likes, komentar, repost, share, dan save)","Benchmark kumpulan talenta: minimum 100, median 500, maksimum 2.500 akun dijangkau per postingan; minimum 3, median 25, maksimum 150 interaksi per postingan",Suka menonton film aksi,11,Sarjana,Administrasi bisnis,"Jangkauan tinggi, interaksi rendah",1099,4,Jangkauan tinggi,Interaksi rendah,24,19,3
C-137,Kandidat 137,Perempuan,20 tahun 6 bulan,"Sarjana, Komunikasi",0 tahun 6 bulan,"Fotografi produk, Canva, konten katalog",Rata-rata akun yang dijangkau per postingan: 1.309,"Rata-rata interaksi per postingan: 3 (gabungan likes, komentar, repost, share, dan save)","Benchmark kumpulan talenta: minimum 100, median 500, maksimum 2.500 akun dijangkau per postingan; minimum 3, median 25, maksimum 150 interaksi per postingan",Memiliki ikan peliharaan,11,Sarjana,Komunikasi,"Jangkauan tinggi, interaksi rendah",1309,3,Jangkauan tinggi,Interaksi rendah,6,20,6
C-138,Kandidat 138,Perempuan,22 tahun 3 bulan,"Sarjana, Pemasaran",0 tahun 6 bulan,"Meta Business Suite, penjadwalan konten, penanganan pesan pelanggan",Rata-rata akun yang dijangkau per postingan: 1.366,"Rata-rata interaksi per postingan: 9 (gabungan likes, komentar, repost, share, dan save)","Benchmark kumpulan talenta: minimum 100, median 500, maksimum 2.500 akun dijangkau per postingan; minimum 3, median 25, maksimum 150 interaksi per postingan",Memiliki kucing peliharaan,11,Sarjana,Pemasaran,"Jangkauan tinggi, interaksi rendah",1366,9,Jangkauan tinggi,Interaksi rendah,6,22,3
C-139,Kandidat 139,Perempuan,19 tahun 7 bulan,"Sarjana, Komunikasi",1 tahun 6 bulan,"Canva, penulisan caption, perencanaan konten",Rata-rata akun yang dijangkau per postingan: 1.878,"Rata-rata interaksi per postingan: 75 (gabungan likes, komentar, repost, share, dan save)","Benchmark kumpulan talenta: minimum 100, median 500, maksimum 2.500 akun dijangkau per postingan; minimum 3, median 25, maksimum 150 interaksi per postingan",Memiliki ikan peliharaan,12,Sarjana,Komunikasi,"Jangkauan tinggi, interaksi tinggi",1878,75,Jangkauan tinggi,Interaksi tinggi,18,19,7
C-140,Kandidat 140,Perempuan,25 tahun 8 bulan,"Sarjana, Manajemen",0 tahun 6 bulan,"Canva, penulisan caption, perencanaan konten",Rata-rata akun yang dijangkau per postingan: 848,"Rata-rata interaksi per postingan: 137 (gabungan likes, komentar, repost, share, dan save)","Benchmark kumpulan talenta: minimum 100, median 500, maksimum 2.500 akun dijangkau per postingan; minimum 3, median 25, maksimum 150 interaksi per postingan",Suka memasak di rumah,12,Sarjana,Manajemen,"Jangkauan tinggi, interaksi tinggi",848,137,Jangkauan tinggi,Interaksi tinggi,6,25,8
C-141,Kandidat 141,Perempuan,21 tahun 0 bulan,"Sarjana, Administrasi bisnis",1 tahun 0 bulan,"Canva, penulisan caption, perencanaan konten",Rata-rata akun yang dijangkau per postingan: 1.546,"Rata-rata interaksi per postingan: 147 (gabungan likes, komentar, repost, share, dan save)","Benchmark kumpulan talenta: minimum 100, median 500, maksimum 2.500 akun dijangkau per postingan; minimum 3, median 25, maksimum 150 interaksi per postingan",Memiliki ikan peliharaan,12,Sarjana,Administrasi bisnis,"Jangkauan tinggi, interaksi tinggi",1546,147,Jangkauan tinggi,Interaksi tinggi,12,21,0
C-142,Kandidat 142,Laki-laki,25 tahun 4 bulan,"Sarjana, Manajemen",0 tahun 6 bulan,"Meta Business Suite, penjadwalan konten, penanganan pesan pelanggan",Rata-rata akun yang dijangkau per postingan: 1.050,"Rata-rata interaksi per postingan: 150 (gabungan likes, komentar, repost, share, dan save)","Benchmark kumpulan talenta: minimum 100, median 500, maksimum 2.500 akun dijangkau per postingan; minimum 3, median 25, maksimum 150 interaksi per postingan",Suka menonton film aksi,12,Sarjana,Manajemen,"Jangkauan tinggi, interaksi tinggi",1050,150,Jangkauan tinggi,Interaksi tinggi,6,25,4
C-143,Kandidat 143,Laki-laki,25 tahun 0 bulan,"Sarjana, Manajemen",2 tahun 0 bulan,"Meta Business Suite, penjadwalan konten, penanganan pesan pelanggan",Rata-rata akun yang dijangkau per postingan: 544,"Rata-rata interaksi per postingan: 57 (gabungan likes, komentar, repost, share, dan save)","Benchmark kumpulan talenta: minimum 100, median 500, maksimum 2.500 akun dijangkau per postingan; minimum 3, median 25, maksimum 150 interaksi per postingan",Suka menonton film komedi,12,Sarjana,Manajemen,"Jangkauan tinggi, interaksi tinggi",544,57,Jangkauan tinggi,Interaksi tinggi,24,25,0
C-144,Kandidat 144,Laki-laki,23 tahun 7 bulan,"Sarjana, Pemasaran",1 tahun 0 bulan,"CapCut, penyuntingan video pendek, riset tren",Rata-rata akun yang dijangkau per postingan: 1.808,"Rata-rata interaksi per postingan: 132 (gabungan likes, komentar, repost, share, dan save)","Benchmark kumpulan talenta: minimum 100, median 500, maksimum 2.500 akun dijangkau per postingan; minimum 3, median 25, maksimum 150 interaksi per postingan",Suka mendengarkan musik K-pop,12,Sarjana,Pemasaran,"Jangkauan tinggi, interaksi tinggi",1808,132,Jangkauan tinggi,Interaksi tinggi,12,23,7
C-145,Kandidat 145,Perempuan,23 tahun 3 bulan,"Sarjana, Manajemen",0 tahun 6 bulan,"Fotografi produk, Canva, konten katalog",Rata-rata akun yang dijangkau per postingan: 1.454,"Rata-rata interaksi per postingan: 102 (gabungan likes, komentar, repost, share, dan save)","Benchmark kumpulan talenta: minimum 100, median 500, maksimum 2.500 akun dijangkau per postingan; minimum 3, median 25, maksimum 150 interaksi per postingan",Suka mendengarkan musik K-pop,12,Sarjana,Manajemen,"Jangkauan tinggi, interaksi tinggi",1454,102,Jangkauan tinggi,Interaksi tinggi,6,23,3
C-146,Kandidat 146,Perempuan,20 tahun 10 bulan,"Sarjana, Komunikasi",2 tahun 0 bulan,"Fotografi produk, Canva, konten katalog",Rata-rata akun yang dijangkau per postingan: 2.416,"Rata-rata interaksi per postingan: 55 (gabungan likes, komentar, repost, share, dan save)","Benchmark kumpulan talenta: minimum 100, median 500, maksimum 2.500 akun dijangkau per postingan; minimum 3, median 25, maksimum 150 interaksi per postingan",Suka menonton film aksi,12,Sarjana,Komunikasi,"Jangkauan tinggi, interaksi tinggi",2416,55,Jangkauan tinggi,Interaksi tinggi,24,20,10
C-147,Kandidat 147,Laki-laki,20 tahun 5 bulan,"Sarjana, Manajemen",1 tahun 6 bulan,"CapCut, penyuntingan video pendek, riset tren",Rata-rata akun yang dijangkau per postingan: 2.023,"Rata-rata interaksi per postingan: 60 (gabungan likes, komentar, repost, share, dan save)","Benchmark kumpulan talenta: minimum 100, median 500, maksimum 2.500 akun dijangkau per postingan; minimum 3, median 25, maksimum 150 interaksi per postingan",Memiliki kucing peliharaan,12,Sarjana,Manajemen,"Jangkauan tinggi, interaksi tinggi",2023,60,Jangkauan tinggi,Interaksi tinggi,18,20,5
C-148,Kandidat 148,Laki-laki,24 tahun 8 bulan,"Sarjana, Manajemen",1 tahun 6 bulan,"Fotografi produk, Canva, konten katalog",Rata-rata akun yang dijangkau per postingan: 2.060,"Rata-rata interaksi per postingan: 67 (gabungan likes, komentar, repost, share, dan save)","Benchmark kumpulan talenta: minimum 100, median 500, maksimum 2.500 akun dijangkau per postingan; minimum 3, median 25, maksimum 150 interaksi per postingan",Suka memasak di rumah,12,Sarjana,Manajemen,"Jangkauan tinggi, interaksi tinggi",2060,67,Jangkauan tinggi,Interaksi tinggi,18,24,8
C-149,Kandidat 149,Laki-laki,19 tahun 1 bulan,"Sarjana, Administrasi bisnis",2 tahun 0 bulan,"CapCut, penyuntingan video pendek, riset tren",Rata-rata akun yang dijangkau per postingan: 1.774,"Rata-rata interaksi per postingan: 37 (gabungan likes, komentar, repost, share, dan save)","Benchmark kumpulan talenta: minimum 100, median 500, maksimum 2.500 akun dijangkau per postingan; minimum 3, median 25, maksimum 150 interaksi per postingan",Suka menonton film komedi,12,Sarjana,Administrasi bisnis,"Jangkauan tinggi, interaksi tinggi",1774,37,Jangkauan tinggi,Interaksi tinggi,24,19,1
C-150,Kandidat 150,Perempuan,19 tahun 4 bulan,"Sarjana, Komunikasi",1 tahun 0 bulan,"Meta Business Suite, penjadwalan konten, penanganan pesan pelanggan",Rata-rata akun yang dijangkau per postingan: 559,"Rata-rata interaksi per postingan: 29 (gabungan likes, komentar, repost, share, dan save)","Benchmark kumpulan talenta: minimum 100, median 500, maksimum 2.500 akun dijangkau per postingan; minimum 3, median 25, maksimum 150 interaksi per postingan",Memiliki kucing peliharaan,12,Sarjana,Komunikasi,"Jangkauan tinggi, interaksi tinggi",559,29,Jangkauan tinggi,Interaksi tinggi,12,19,4
